date,channel,sessions,unique_visitors,leads_generated,cost
2025-09-01,instagram,127,96,0,111900.0
2025-09-01,telegram,49,27,1,60300.0
2025-09-01,google,58,43,0,118200.0
2025-09-01,facebook,53,30,2,51800.0
2025-09-01,referral,37,23,1,0.0
2025-09-01,organic,43,30,1,0.0
2025-09-02,instagram,140,83,4,145900.0
2025-09-02,telegram,82,51,2,84700.0
2025-09-02,google,48,29,0,63200.0
2025-09-02,facebook,49,31,0,51200.0
2025-09-02,referral,10,5,1,0.0
2025-09-02,organic,46,33,0,0.0
2025-09-03,instagram,90,55,1,122900.0
2025-09-03,telegram,69,52,2,127000.0
2025-09-03,google,70,51,1,65200.0
2025-09-03,facebook,24,13,0,27200.0
2025-09-03,referral,30,23,2,0.0
2025-09-03,organic,35,22,0,0.0
2025-09-04,instagram,82,46,3,90800.0
2025-09-04,telegram,77,48,0,81700.0
2025-09-04,google,67,47,0,142000.0
2025-09-04,facebook,42,30,0,72400.0
2025-09-04,referral,18,13,0,0.0
2025-09-04,organic,48,37,1,0.0
2025-09-05,instagram,147,104,2,304600.0
2025-09-05,telegram,52,41,1,89400.0
2025-09-05,google,71,53,0,129800.0
2025-09-05,facebook,37,27,0,31500.0
2025-09-05,referral,31,23,0,0.0
2025-09-05,organic,48,27,0,0.0
2025-09-06,instagram,103,63,1,119500.0
2025-09-06,telegram,101,77,1,177200.0
2025-09-06,google,62,49,0,124500.0
2025-09-06,facebook,35,22,0,61500.0
2025-09-06,referral,23,13,2,0.0
2025-09-06,organic,79,57,1,0.0
2025-09-07,instagram,105,80,0,169700.0
2025-09-07,telegram,92,50,2,156000.0
2025-09-07,google,49,33,0,40800.0
2025-09-07,facebook,41,24,0,68800.0
2025-09-07,referral,32,18,3,0.0
2025-09-07,organic,50,38,0,0.0
2025-09-08,instagram,102,59,0,164100.0
2025-09-08,telegram,71,41,1,72300.0
2025-09-08,google,37,23,1,76000.0
2025-09-08,facebook,48,28,0,96900.0
2025-09-08,referral,23,15,0,0.0
2025-09-08,organic,49,34,1,0.0
2025-09-09,instagram,132,84,1,278500.0
2025-09-09,telegram,82,45,0,77200.0
2025-09-09,google,73,52,0,70200.0
2025-09-09,facebook,30,20,1,52800.0
2025-09-09,referral,21,13,0,0.0
2025-09-09,organic,58,32,1,0.0
2025-09-10,instagram,137,106,1,278400.0
2025-09-10,telegram,102,78,1,171900.0
2025-09-10,google,44,34,1,73200.0
2025-09-10,facebook,30,17,1,46300.0
2025-09-10,referral,23,16,1,0.0
2025-09-10,organic,72,54,1,0.0
2025-09-11,instagram,94,66,2,180700.0
2025-09-11,telegram,92,72,1,139500.0
2025-09-11,google,54,36,0,80100.0
2025-09-11,facebook,40,29,0,66600.0
2025-09-11,referral,14,9,0,0.0
2025-09-11,organic,33,21,1,0.0
2025-09-12,instagram,113,71,1,219800.0
2025-09-12,telegram,69,46,1,123900.0
2025-09-12,google,68,40,0,72500.0
2025-09-12,facebook,50,33,1,63200.0
2025-09-12,referral,31,20,0,0.0
2025-09-12,organic,35,22,0,0.0
2025-09-13,instagram,133,82,0,127300.0
2025-09-13,telegram,54,39,0,61900.0
2025-09-13,google,69,52,0,103500.0
2025-09-13,facebook,39,27,0,35100.0
2025-09-13,referral,27,19,1,0.0
2025-09-13,organic,46,28,0,0.0
2025-09-14,instagram,128,88,2,128400.0
2025-09-14,telegram,82,51,1,168200.0
2025-09-14,google,48,29,1,55600.0
2025-09-14,facebook,38,28,1,37400.0
2025-09-14,referral,21,15,1,0.0
2025-09-14,organic,59,33,0,0.0
2025-09-15,instagram,136,93,0,156200.0
2025-09-15,telegram,84,57,4,115900.0
2025-09-15,google,45,25,1,62100.0
2025-09-15,facebook,28,16,0,59100.0
2025-09-15,referral,21,12,0,0.0
2025-09-15,organic,28,17,1,0.0
2025-09-16,instagram,93,72,1,147700.0
2025-09-16,telegram,121,80,1,167600.0
2025-09-16,google,73,41,0,97400.0
2025-09-16,facebook,58,42,0,78400.0
2025-09-16,referral,25,13,2,0.0
2025-09-16,organic,35,25,1,0.0
2025-09-17,instagram,71,50,1,72100.0
2025-09-17,telegram,67,53,0,91800.0
2025-09-17,google,84,57,1,91400.0
2025-09-17,facebook,31,23,0,59600.0
2025-09-17,referral,16,11,1,0.0
2025-09-17,organic,56,43,0,0.0
2025-09-18,instagram,129,79,1,282500.0
2025-09-18,telegram,56,37,3,83900.0
2025-09-18,google,75,53,0,63300.0
2025-09-18,facebook,35,22,0,71800.0
2025-09-18,referral,31,24,0,0.0
2025-09-18,organic,39,24,1,0.0
2025-09-19,instagram,110,68,1,188900.0
2025-09-19,telegram,122,94,0,161500.0
2025-09-19,google,59,43,0,95900.0
2025-09-19,facebook,40,28,0,63500.0
2025-09-19,referral,4,2,1,0.0
2025-09-19,organic,43,25,0,0.0
2025-09-20,instagram,97,60,0,150500.0
2025-09-20,telegram,98,61,0,192700.0
2025-09-20,google,52,31,0,97800.0
2025-09-20,facebook,22,17,0,36300.0
2025-09-20,referral,22,12,1,0.0
2025-09-20,organic,47,32,0,0.0
2025-09-21,instagram,55,41,0,57900.0
2025-09-21,telegram,76,42,1,89000.0
2025-09-21,google,82,48,0,90900.0
2025-09-21,facebook,22,17,1,42600.0
2025-09-21,referral,31,19,3,0.0
2025-09-21,organic,61,36,0,0.0
2025-09-22,instagram,94,55,1,173500.0
2025-09-22,telegram,83,56,2,74600.0
2025-09-22,google,73,44,0,153000.0
2025-09-22,facebook,39,27,0,47500.0
2025-09-22,referral,31,22,1,0.0
2025-09-22,organic,28,20,1,0.0
2025-09-23,instagram,86,68,1,127600.0
2025-09-23,telegram,73,44,2,78500.0
2025-09-23,google,69,44,0,119800.0
2025-09-23,facebook,38,27,0,82100.0
2025-09-23,referral,20,11,0,0.0
2025-09-23,organic,54,37,1,0.0
2025-09-24,instagram,77,58,3,78700.0
2025-09-24,telegram,59,46,1,84000.0
2025-09-24,google,77,43,0,99200.0
2025-09-24,facebook,45,31,0,73200.0
2025-09-24,referral,26,18,1,0.0
2025-09-24,organic,49,37,0,0.0
2025-09-25,instagram,94,57,0,175200.0
2025-09-25,telegram,91,51,1,142200.0
2025-09-25,google,51,31,1,65200.0
2025-09-25,facebook,45,28,1,37900.0
2025-09-25,referral,26,18,0,0.0
2025-09-25,organic,49,38,0,0.0
2025-09-26,instagram,128,101,0,194200.0
2025-09-26,telegram,103,61,1,219200.0
2025-09-26,google,57,41,1,86300.0
2025-09-26,facebook,40,29,0,32500.0
2025-09-26,referral,22,15,0,0.0
2025-09-26,organic,49,32,0,0.0
2025-09-27,instagram,76,46,3,76200.0
2025-09-27,telegram,98,62,1,129700.0
2025-09-27,google,40,26,0,59500.0
2025-09-27,facebook,40,23,0,51600.0
2025-09-27,referral,25,13,1,0.0
2025-09-27,organic,88,67,1,0.0
2025-09-28,instagram,99,64,2,108300.0
2025-09-28,telegram,86,66,1,137700.0
2025-09-28,google,80,61,0,129900.0
2025-09-28,facebook,44,32,0,81300.0
2025-09-28,referral,27,19,0,0.0
2025-09-28,organic,68,43,1,0.0
2025-09-29,instagram,62,39,1,84800.0
2025-09-29,telegram,56,42,0,93000.0
2025-09-29,google,55,34,0,89200.0
2025-09-29,facebook,57,37,0,100700.0
2025-09-29,referral,23,17,0,0.0
2025-09-29,organic,43,30,1,0.0
2025-09-30,instagram,178,130,2,288000.0
2025-09-30,telegram,52,40,1,89700.0
2025-09-30,google,49,35,0,57100.0
2025-09-30,facebook,42,27,0,80900.0
2025-09-30,referral,22,16,1,0.0
2025-09-30,organic,55,43,0,0.0
2025-10-01,instagram,95,64,0,90100.0
2025-10-01,telegram,74,51,0,65900.0
2025-10-01,google,43,25,0,70300.0
2025-10-01,facebook,35,26,1,39400.0
2025-10-01,referral,19,13,1,0.0
2025-10-01,organic,63,37,1,0.0
2025-10-02,instagram,204,158,0,374600.0
2025-10-02,telegram,107,65,2,169100.0
2025-10-02,google,46,36,1,43600.0
2025-10-02,facebook,38,30,0,36300.0
2025-10-02,referral,15,9,0,0.0
2025-10-02,organic,87,57,1,0.0
2025-10-03,instagram,140,82,0,258500.0
2025-10-03,telegram,90,55,0,141600.0
2025-10-03,google,41,26,1,48300.0
2025-10-03,facebook,50,30,0,49100.0
2025-10-03,referral,24,18,0,0.0
2025-10-03,organic,44,34,1,0.0
2025-10-04,instagram,77,51,1,79700.0
2025-10-04,telegram,88,62,1,112000.0
2025-10-04,google,51,33,0,96300.0
2025-10-04,facebook,42,24,0,50000.0
2025-10-04,referral,28,22,1,0.0
2025-10-04,organic,51,32,1,0.0
2025-10-05,instagram,104,60,0,198800.0
2025-10-05,telegram,109,68,1,205300.0
2025-10-05,google,74,43,0,88800.0
2025-10-05,facebook,52,32,0,95900.0
2025-10-05,referral,26,19,2,0.0
2025-10-05,organic,48,30,0,0.0
2025-10-06,instagram,139,104,1,125800.0
2025-10-06,telegram,65,46,1,121500.0
2025-10-06,google,41,28,0,40700.0
2025-10-06,facebook,41,30,0,75700.0
2025-10-06,referral,18,12,0,0.0
2025-10-06,organic,22,14,0,0.0
2025-10-07,instagram,81,56,1,83500.0
2025-10-07,telegram,84,57,0,120900.0
2025-10-07,google,62,49,0,119500.0
2025-10-07,facebook,45,26,0,98600.0
2025-10-07,referral,20,11,0,0.0
2025-10-07,organic,38,23,1,0.0
2025-10-08,instagram,128,73,2,200600.0
2025-10-08,telegram,92,55,0,186400.0
2025-10-08,google,63,39,0,116200.0
2025-10-08,facebook,48,31,1,50600.0
2025-10-08,referral,33,21,0,0.0
2025-10-08,organic,47,27,0,0.0
2025-10-09,instagram,99,77,2,149600.0
2025-10-09,telegram,108,81,1,170700.0
2025-10-09,google,72,57,0,75000.0
2025-10-09,facebook,39,28,0,69600.0
2025-10-09,referral,27,16,1,0.0
2025-10-09,organic,42,28,0,0.0
2025-10-10,instagram,132,100,3,195600.0
2025-10-10,telegram,70,49,2,65000.0
2025-10-10,google,70,46,0,143900.0
2025-10-10,facebook,39,22,0,77300.0
2025-10-10,referral,17,9,1,0.0
2025-10-10,organic,52,40,0,0.0
2025-10-11,instagram,76,52,1,123600.0
2025-10-11,telegram,71,47,0,146500.0
2025-10-11,google,52,31,1,72200.0
2025-10-11,facebook,45,30,0,82100.0
2025-10-11,referral,35,24,2,0.0
2025-10-11,organic,34,23,0,0.0
2025-10-12,instagram,125,89,0,229400.0
2025-10-12,telegram,71,50,1,98200.0
2025-10-12,google,64,42,1,87700.0
2025-10-12,facebook,38,27,0,61500.0
2025-10-12,referral,24,14,1,0.0
2025-10-12,organic,21,14,0,0.0
2025-10-13,instagram,66,50,0,60000.0
2025-10-13,telegram,120,77,0,147500.0
2025-10-13,google,82,62,0,86700.0
2025-10-13,facebook,30,23,0,31100.0
2025-10-13,referral,19,11,0,0.0
2025-10-13,organic,43,24,1,0.0
2025-10-14,instagram,105,62,0,147400.0
2025-10-14,telegram,66,40,0,111500.0
2025-10-14,google,44,30,0,53000.0
2025-10-14,facebook,56,41,0,113800.0
2025-10-14,referral,22,13,1,0.0
2025-10-14,organic,51,28,0,0.0
2025-10-15,instagram,100,75,1,215100.0
2025-10-15,telegram,90,55,1,138000.0
2025-10-15,google,52,34,1,57400.0
2025-10-15,facebook,39,28,1,39600.0
2025-10-15,referral,25,18,2,0.0
2025-10-15,organic,47,36,1,0.0
2025-10-16,instagram,114,89,0,214400.0
2025-10-16,telegram,89,65,0,143000.0
2025-10-16,google,52,38,1,84700.0
2025-10-16,facebook,28,19,0,31500.0
2025-10-16,referral,21,12,0,0.0
2025-10-16,organic,55,36,1,0.0
2025-10-17,instagram,109,84,1,234900.0
2025-10-17,telegram,94,65,0,114600.0
2025-10-17,google,33,22,0,30000.0
2025-10-17,facebook,52,37,1,47400.0
2025-10-17,referral,25,19,0,0.0
2025-10-17,organic,57,41,1,0.0
2025-10-18,instagram,147,92,0,140800.0
2025-10-18,telegram,57,45,1,99600.0
2025-10-18,google,61,46,0,57600.0
2025-10-18,facebook,40,23,0,74800.0
2025-10-18,referral,23,16,0,0.0
2025-10-18,organic,43,28,1,0.0
2025-10-19,instagram,120,73,2,120900.0
2025-10-19,telegram,120,81,1,227600.0
2025-10-19,google,68,41,0,115400.0
2025-10-19,facebook,18,11,0,25500.0
2025-10-19,referral,13,8,1,0.0
2025-10-19,organic,69,39,0,0.0
2025-10-20,instagram,94,52,1,118000.0
2025-10-20,telegram,78,53,1,71300.0
2025-10-20,google,39,22,0,51600.0
2025-10-20,facebook,39,23,0,56000.0
2025-10-20,referral,25,19,1,0.0
2025-10-20,organic,34,23,0,0.0
2025-10-21,instagram,88,53,2,159100.0
2025-10-21,telegram,77,60,2,107700.0
2025-10-21,google,56,33,2,71300.0
2025-10-21,facebook,59,38,0,89100.0
2025-10-21,referral,20,14,0,0.0
2025-10-21,organic,31,17,0,0.0
2025-10-22,instagram,85,59,1,140200.0
2025-10-22,telegram,57,41,0,113000.0
2025-10-22,google,54,31,0,48800.0
2025-10-22,facebook,36,25,0,49800.0
2025-10-22,referral,40,31,0,0.0
2025-10-22,organic,56,38,0,0.0
2025-10-23,instagram,127,84,1,174700.0
2025-10-23,telegram,83,61,1,117400.0
2025-10-23,google,89,63,0,127000.0
2025-10-23,facebook,36,21,0,31800.0
2025-10-23,referral,25,16,0,0.0
2025-10-23,organic,40,30,0,0.0
2025-10-24,instagram,146,98,2,288300.0
2025-10-24,telegram,49,29,0,74700.0
2025-10-24,google,49,32,0,105800.0
2025-10-24,facebook,56,33,0,54900.0
2025-10-24,referral,24,13,1,0.0
2025-10-24,organic,46,26,0,0.0
2025-10-25,instagram,103,63,3,108300.0
2025-10-25,telegram,82,46,0,83400.0
2025-10-25,google,50,34,0,59700.0
2025-10-25,facebook,36,26,0,78200.0
2025-10-25,referral,19,12,1,0.0
2025-10-25,organic,65,51,1,0.0
2025-10-26,instagram,151,106,0,251400.0
2025-10-26,telegram,68,45,1,74700.0
2025-10-26,google,75,57,0,65900.0
2025-10-26,facebook,68,52,0,83100.0
2025-10-26,referral,35,20,2,0.0
2025-10-26,organic,54,39,1,0.0
2025-10-27,instagram,123,68,2,138700.0
2025-10-27,telegram,48,37,0,66600.0
2025-10-27,google,45,34,0,64400.0
2025-10-27,facebook,43,34,0,35000.0
2025-10-27,referral,31,20,0,0.0
2025-10-27,organic,60,39,1,0.0
2025-10-28,instagram,83,59,2,133000.0
2025-10-28,telegram,79,53,0,108000.0
2025-10-28,google,53,40,0,88200.0
2025-10-28,facebook,27,17,0,24900.0
2025-10-28,referral,29,21,1,0.0
2025-10-28,organic,51,39,0,0.0
2025-10-29,instagram,124,84,2,202400.0
2025-10-29,telegram,56,42,2,95300.0
2025-10-29,google,34,24,0,42400.0
2025-10-29,facebook,29,17,0,50300.0
2025-10-29,referral,30,17,0,0.0
2025-10-29,organic,50,32,0,0.0
2025-10-30,instagram,121,82,2,103800.0
2025-10-30,telegram,100,72,1,145500.0
2025-10-30,google,84,46,0,102800.0
2025-10-30,facebook,36,27,0,57700.0
2025-10-30,referral,21,14,0,0.0
2025-10-30,organic,55,41,0,0.0
2025-10-31,instagram,102,62,0,86100.0
2025-10-31,telegram,90,50,0,107300.0
2025-10-31,google,60,34,0,60400.0
2025-10-31,facebook,35,22,0,68300.0
2025-10-31,referral,24,13,0,0.0
2025-10-31,organic,47,30,0,0.0
2025-11-01,instagram,149,100,1,264700.0
2025-11-01,telegram,106,60,1,93000.0
2025-11-01,google,63,45,0,108400.0
2025-11-01,facebook,48,32,0,43400.0
2025-11-01,referral,21,12,0,0.0
2025-11-01,organic,62,40,0,0.0
2025-11-02,instagram,113,73,1,184500.0
2025-11-02,telegram,67,38,1,88900.0
2025-11-02,google,79,58,0,138900.0
2025-11-02,facebook,34,22,0,38000.0
2025-11-02,referral,26,14,0,0.0
2025-11-02,organic,24,16,0,0.0
2025-11-03,instagram,123,83,1,142900.0
2025-11-03,telegram,85,61,0,164400.0
2025-11-03,google,45,34,0,50800.0
2025-11-03,facebook,38,29,0,46800.0
2025-11-03,referral,19,14,1,0.0
2025-11-03,organic,54,31,1,0.0
2025-11-04,instagram,147,112,0,122500.0
2025-11-04,telegram,101,61,1,140500.0
2025-11-04,google,60,40,0,91500.0
2025-11-04,facebook,60,40,0,105800.0
2025-11-04,referral,16,8,1,0.0
2025-11-04,organic,39,26,0,0.0
2025-11-05,instagram,138,91,1,236000.0
2025-11-05,telegram,106,81,1,168300.0
2025-11-05,google,78,56,0,151400.0
2025-11-05,facebook,22,12,1,45100.0
2025-11-05,referral,26,20,1,0.0
2025-11-05,organic,27,18,0,0.0
2025-11-06,instagram,107,61,1,202900.0
2025-11-06,telegram,101,70,0,135700.0
2025-11-06,google,54,42,0,55100.0
2025-11-06,facebook,46,33,0,90500.0
2025-11-06,referral,24,16,1,0.0
2025-11-06,organic,72,47,1,0.0
2025-11-07,instagram,128,81,0,170700.0
2025-11-07,telegram,118,75,0,161300.0
2025-11-07,google,67,44,0,110500.0
2025-11-07,facebook,31,23,0,32600.0
2025-11-07,referral,18,11,2,0.0
2025-11-07,organic,41,29,1,0.0
2025-11-08,instagram,129,80,1,276000.0
2025-11-08,telegram,97,70,1,187700.0
2025-11-08,google,68,41,0,81800.0
2025-11-08,facebook,45,35,1,88600.0
2025-11-08,referral,23,17,1,0.0
2025-11-08,organic,46,25,1,0.0
2025-11-09,instagram,118,90,0,120900.0
2025-11-09,telegram,105,62,0,145000.0
2025-11-09,google,106,64,0,204400.0
2025-11-09,facebook,31,19,0,65200.0
2025-11-09,referral,19,14,0,0.0
2025-11-09,organic,76,57,1,0.0
2025-11-10,instagram,135,99,0,153700.0
2025-11-10,telegram,100,70,0,148900.0
2025-11-10,google,66,50,0,66400.0
2025-11-10,facebook,31,22,0,27800.0
2025-11-10,referral,23,18,0,0.0
2025-11-10,organic,55,32,1,0.0
2025-11-11,instagram,137,80,1,254600.0
2025-11-11,telegram,102,57,0,137300.0
2025-11-11,google,74,46,0,134200.0
2025-11-11,facebook,40,28,0,64500.0
2025-11-11,referral,23,16,1,0.0
2025-11-11,organic,36,23,1,0.0
2025-11-12,instagram,211,167,0,303400.0
2025-11-12,telegram,125,69,1,254000.0
2025-11-12,google,59,42,0,56800.0
2025-11-12,facebook,41,31,0,44300.0
2025-11-12,referral,33,25,1,0.0
2025-11-12,organic,32,20,0,0.0
2025-11-13,instagram,76,51,1,155400.0
2025-11-13,telegram,40,23,0,62900.0
2025-11-13,google,65,43,0,117000.0
2025-11-13,facebook,38,23,0,48900.0
2025-11-13,referral,25,15,1,0.0
2025-11-13,organic,64,50,1,0.0
2025-11-14,instagram,102,63,1,171400.0
2025-11-14,telegram,88,57,0,74800.0
2025-11-14,google,86,58,1,183200.0
2025-11-14,facebook,24,13,0,29300.0
2025-11-14,referral,27,17,0,0.0
2025-11-14,organic,54,42,1,0.0
2025-11-15,instagram,113,88,1,158200.0
2025-11-15,telegram,64,46,0,97100.0
2025-11-15,google,82,48,0,92900.0
2025-11-15,facebook,44,31,0,95800.0
2025-11-15,referral,21,11,0,0.0
2025-11-15,organic,65,37,1,0.0
2025-11-16,instagram,101,60,2,153100.0
2025-11-16,telegram,100,67,0,85400.0
2025-11-16,google,27,15,2,44400.0
2025-11-16,facebook,27,16,0,38500.0
2025-11-16,referral,27,16,0,0.0
2025-11-16,organic,36,22,1,0.0
2025-11-17,instagram,106,76,0,195000.0
2025-11-17,telegram,110,84,0,164400.0
2025-11-17,google,72,50,1,137500.0
2025-11-17,facebook,27,21,0,45700.0
2025-11-17,referral,22,16,0,0.0
2025-11-17,organic,56,43,1,0.0
2025-11-18,instagram,155,109,1,144800.0
2025-11-18,telegram,103,64,0,137400.0
2025-11-18,google,73,54,0,146300.0
2025-11-18,facebook,43,32,0,88500.0
2025-11-18,referral,35,27,0,0.0
2025-11-18,organic,52,39,0,0.0
2025-11-19,instagram,104,82,1,132400.0
2025-11-19,telegram,127,96,0,228000.0
2025-11-19,google,46,32,0,80800.0
2025-11-19,facebook,47,27,0,49500.0
2025-11-19,referral,30,22,2,0.0
2025-11-19,organic,54,36,1,0.0
2025-11-20,instagram,186,102,1,170500.0
2025-11-20,telegram,68,39,2,129900.0
2025-11-20,google,30,22,1,26100.0
2025-11-20,facebook,48,32,0,80400.0
2025-11-20,referral,19,11,0,0.0
2025-11-20,organic,58,34,0,0.0
2025-11-21,instagram,144,112,1,124700.0
2025-11-21,telegram,120,89,0,243900.0
2025-11-21,google,55,36,0,103200.0
2025-11-21,facebook,28,22,0,55600.0
2025-11-21,referral,25,19,0,0.0
2025-11-21,organic,42,23,1,0.0
2025-11-22,instagram,155,99,2,204400.0
2025-11-22,telegram,105,69,0,158300.0
2025-11-22,google,66,42,0,85000.0
2025-11-22,facebook,49,34,0,88300.0
2025-11-22,referral,22,15,0,0.0
2025-11-22,organic,31,17,1,0.0
2025-11-23,instagram,121,69,0,262200.0
2025-11-23,telegram,94,68,0,113000.0
2025-11-23,google,71,53,1,59300.0
2025-11-23,facebook,39,27,0,39400.0
2025-11-23,referral,24,19,2,0.0
2025-11-23,organic,50,27,1,0.0
2025-11-24,instagram,137,102,1,115100.0
2025-11-24,telegram,69,42,1,150000.0
2025-11-24,google,78,56,0,114600.0
2025-11-24,facebook,47,28,0,93900.0
2025-11-24,referral,20,12,0,0.0
2025-11-24,organic,35,27,0,0.0
2025-11-25,instagram,93,70,2,184100.0
2025-11-25,telegram,77,45,1,101100.0
2025-11-25,google,48,32,1,87900.0
2025-11-25,facebook,48,36,0,45400.0
2025-11-25,referral,17,9,1,0.0
2025-11-25,organic,83,52,1,0.0
2025-11-26,instagram,124,76,0,215600.0
2025-11-26,telegram,70,46,2,84300.0
2025-11-26,google,51,30,0,66700.0
2025-11-26,facebook,37,26,1,75900.0
2025-11-26,referral,25,15,2,0.0
2025-11-26,organic,45,31,1,0.0
2025-11-27,instagram,143,110,2,247500.0
2025-11-27,telegram,105,67,1,221900.0
2025-11-27,google,78,44,0,127400.0
2025-11-27,facebook,15,10,0,13900.0
2025-11-27,referral,26,17,0,0.0
2025-11-27,organic,40,28,0,0.0
2025-11-28,instagram,132,88,0,210300.0
2025-11-28,telegram,99,63,0,161200.0
2025-11-28,google,55,40,0,69300.0
2025-11-28,facebook,32,24,0,45200.0
2025-11-28,referral,25,17,1,0.0
2025-11-28,organic,37,25,0,0.0
2025-11-29,instagram,83,65,0,137700.0
2025-11-29,telegram,80,60,1,170500.0
2025-11-29,google,90,69,0,100900.0
2025-11-29,facebook,46,25,0,79300.0
2025-11-29,referral,20,15,1,0.0
2025-11-29,organic,41,31,0,0.0
2025-11-30,instagram,92,65,0,76500.0
2025-11-30,telegram,95,67,2,98600.0
2025-11-30,google,58,40,0,110400.0
2025-11-30,facebook,50,30,0,97000.0
2025-11-30,referral,18,11,0,0.0
2025-11-30,organic,44,33,1,0.0
2025-12-01,instagram,118,65,1,216200.0
2025-12-01,telegram,84,66,0,98700.0
2025-12-01,google,54,36,1,111300.0
2025-12-01,facebook,33,22,0,72400.0
2025-12-01,referral,17,12,2,0.0
2025-12-01,organic,30,19,1,0.0
2025-12-02,instagram,135,95,0,138800.0
2025-12-02,telegram,90,55,0,140200.0
2025-12-02,google,48,32,0,91000.0
2025-12-02,facebook,49,36,0,83300.0
2025-12-02,referral,27,17,0,0.0
2025-12-02,organic,54,36,0,0.0
2025-12-03,instagram,139,87,0,142500.0
2025-12-03,telegram,55,43,0,104100.0
2025-12-03,google,67,46,1,91600.0
2025-12-03,facebook,44,31,2,84900.0
2025-12-03,referral,19,15,3,0.0
2025-12-03,organic,40,23,1,0.0
2025-12-04,instagram,177,119,2,220600.0
2025-12-04,telegram,104,62,0,194100.0
2025-12-04,google,84,67,1,159700.0
2025-12-04,facebook,47,36,1,84900.0
2025-12-04,referral,24,18,0,0.0
2025-12-04,organic,59,33,1,0.0
2025-12-05,instagram,172,99,1,295400.0
2025-12-05,telegram,34,24,0,37200.0
2025-12-05,google,60,38,0,60200.0
2025-12-05,facebook,49,36,0,84300.0
2025-12-05,referral,34,22,0,0.0
2025-12-05,organic,60,42,1,0.0
2025-12-06,instagram,115,82,1,152900.0
2025-12-06,telegram,78,52,0,94000.0
2025-12-06,google,88,49,0,175500.0
2025-12-06,facebook,52,28,1,51300.0
2025-12-06,referral,21,14,0,0.0
2025-12-06,organic,55,42,0,0.0
2025-12-07,instagram,164,112,1,280500.0
2025-12-07,telegram,49,32,3,104500.0
2025-12-07,google,79,60,0,72400.0
2025-12-07,facebook,51,30,0,105900.0
2025-12-07,referral,14,10,0,0.0
2025-12-07,organic,36,21,0,0.0
2025-12-08,instagram,107,65,1,208000.0
2025-12-08,telegram,92,73,0,160800.0
2025-12-08,google,66,46,0,62900.0
2025-12-08,facebook,42,32,0,34800.0
2025-12-08,referral,26,18,0,0.0
2025-12-08,organic,65,40,0,0.0
2025-12-09,instagram,193,122,0,280200.0
2025-12-09,telegram,90,58,0,147500.0
2025-12-09,google,84,51,0,78000.0
2025-12-09,facebook,22,15,1,47300.0
2025-12-09,referral,36,25,0,0.0
2025-12-09,organic,65,43,1,0.0
2025-12-10,instagram,79,59,1,172600.0
2025-12-10,telegram,61,48,1,50400.0
2025-12-10,google,65,39,0,108000.0
2025-12-10,facebook,35,26,1,70500.0
2025-12-10,referral,33,22,0,0.0
2025-12-10,organic,61,41,0,0.0
2025-12-11,instagram,132,99,1,191400.0
2025-12-11,telegram,109,83,4,132900.0
2025-12-11,google,92,70,0,196100.0
2025-12-11,facebook,40,28,0,56400.0
2025-12-11,referral,24,14,1,0.0
2025-12-11,organic,60,38,1,0.0
2025-12-12,instagram,107,58,1,200500.0
2025-12-12,telegram,97,59,1,109600.0
2025-12-12,google,79,53,0,153100.0
2025-12-12,facebook,45,26,0,47600.0
2025-12-12,referral,19,11,1,0.0
2025-12-12,organic,39,21,1,0.0
2025-12-13,instagram,107,78,0,137700.0
2025-12-13,telegram,85,63,1,79800.0
2025-12-13,google,47,35,0,53700.0
2025-12-13,facebook,43,30,0,74900.0
2025-12-13,referral,33,21,2,0.0
2025-12-13,organic,44,29,1,0.0
2025-12-14,instagram,129,81,1,189500.0
2025-12-14,telegram,85,59,0,143100.0
2025-12-14,google,45,31,1,82300.0
2025-12-14,facebook,58,42,0,87700.0
2025-12-14,referral,36,28,0,0.0
2025-12-14,organic,39,30,0,0.0
2025-12-15,instagram,122,89,1,178300.0
2025-12-15,telegram,57,42,0,47400.0
2025-12-15,google,71,40,0,82100.0
2025-12-15,facebook,63,46,0,128800.0
2025-12-15,referral,39,28,0,0.0
2025-12-15,organic,42,28,1,0.0
2025-12-16,instagram,69,51,2,129600.0
2025-12-16,telegram,80,54,1,136700.0
2025-12-16,google,42,28,0,44500.0
2025-12-16,facebook,25,16,0,27100.0
2025-12-16,referral,18,10,0,0.0
2025-12-16,organic,60,45,1,0.0
2025-12-17,instagram,145,108,2,118300.0
2025-12-17,telegram,78,43,0,62800.0
2025-12-17,google,55,37,0,51000.0
2025-12-17,facebook,51,34,0,58300.0
2025-12-17,referral,31,20,0,0.0
2025-12-17,organic,40,27,1,0.0
2025-12-18,instagram,97,75,2,125700.0
2025-12-18,telegram,92,70,1,155700.0
2025-12-18,google,72,53,0,109300.0
2025-12-18,facebook,41,26,0,40100.0
2025-12-18,referral,28,17,1,0.0
2025-12-18,organic,48,34,1,0.0
2025-12-19,instagram,105,59,1,152700.0
2025-12-19,telegram,91,62,0,88000.0
2025-12-19,google,31,22,1,38400.0
2025-12-19,facebook,46,28,0,60600.0
2025-12-19,referral,28,15,0,0.0
2025-12-19,organic,49,38,0,0.0
2025-12-20,instagram,132,87,0,226200.0
2025-12-20,telegram,106,74,0,224400.0
2025-12-20,google,59,39,0,126800.0
2025-12-20,facebook,42,33,0,89400.0
2025-12-20,referral,20,11,0,0.0
2025-12-20,organic,60,45,0,0.0
2025-12-21,instagram,150,104,0,173900.0
2025-12-21,telegram,83,63,1,180400.0
2025-12-21,google,74,42,0,120200.0
2025-12-21,facebook,29,20,0,52400.0
2025-12-21,referral,31,22,0,0.0
2025-12-21,organic,72,45,0,0.0
2025-12-22,instagram,139,86,4,232100.0
2025-12-22,telegram,112,75,1,220900.0
2025-12-22,google,69,45,0,57000.0
2025-12-22,facebook,28,17,0,56100.0
2025-12-22,referral,23,17,1,0.0
2025-12-22,organic,66,49,1,0.0
2025-12-23,instagram,167,101,1,231000.0
2025-12-23,telegram,87,53,1,129500.0
2025-12-23,google,55,36,0,119000.0
2025-12-23,facebook,51,33,0,69600.0
2025-12-23,referral,33,21,0,0.0
2025-12-23,organic,31,21,0,0.0
2025-12-24,instagram,149,92,2,164500.0
2025-12-24,telegram,110,67,1,205500.0
2025-12-24,google,67,41,2,146600.0
2025-12-24,facebook,45,26,0,88200.0
2025-12-24,referral,26,17,1,0.0
2025-12-24,organic,29,21,1,0.0
2025-12-25,instagram,164,123,1,315200.0
2025-12-25,telegram,83,45,0,105100.0
2025-12-25,google,77,56,0,149000.0
2025-12-25,facebook,35,27,0,39200.0
2025-12-25,referral,17,12,0,0.0
2025-12-25,organic,58,41,0,0.0
2025-12-26,instagram,80,47,0,75000.0
2025-12-26,telegram,85,64,1,177800.0
2025-12-26,google,56,41,0,75400.0
2025-12-26,facebook,53,29,0,61000.0
2025-12-26,referral,29,17,1,0.0
2025-12-26,organic,44,33,1,0.0
2025-12-27,instagram,108,81,2,216300.0
2025-12-27,telegram,68,49,1,84700.0
2025-12-27,google,64,46,0,105500.0
2025-12-27,facebook,32,24,1,58200.0
2025-12-27,referral,31,17,0,0.0
2025-12-27,organic,53,42,1,0.0
2025-12-28,instagram,123,83,1,139100.0
2025-12-28,telegram,96,69,0,150500.0
2025-12-28,google,52,35,0,45900.0
2025-12-28,facebook,48,26,0,53200.0
2025-12-28,referral,27,17,1,0.0
2025-12-28,organic,59,33,1,0.0
2025-12-29,instagram,180,133,1,361500.0
2025-12-29,telegram,50,39,2,88700.0
2025-12-29,google,85,55,1,103900.0
2025-12-29,facebook,49,36,0,83800.0
2025-12-29,referral,28,19,0,0.0
2025-12-29,organic,38,22,0,0.0
2025-12-30,instagram,156,86,1,324000.0
2025-12-30,telegram,29,16,1,50200.0
2025-12-30,google,74,51,0,85000.0
2025-12-30,facebook,39,28,1,52400.0
2025-12-30,referral,20,12,1,0.0
2025-12-30,organic,66,43,0,0.0
2025-12-31,instagram,143,104,2,225000.0
2025-12-31,telegram,62,46,2,99200.0
2025-12-31,google,55,40,0,86300.0
2025-12-31,facebook,23,15,0,18500.0
2025-12-31,referral,22,16,1,0.0
2025-12-31,organic,70,50,0,0.0
2026-01-01,instagram,180,139,0,206900.0
2026-01-01,telegram,83,49,0,172700.0
2026-01-01,google,85,61,0,162000.0
2026-01-01,facebook,51,28,0,41500.0
2026-01-01,referral,14,9,0,0.0
2026-01-01,organic,65,36,1,0.0
2026-01-02,instagram,152,117,0,233200.0
2026-01-02,telegram,115,83,0,95600.0
2026-01-02,google,61,37,2,65100.0
2026-01-02,facebook,27,15,0,36300.0
2026-01-02,referral,30,20,1,0.0
2026-01-02,organic,47,28,0,0.0
2026-01-03,instagram,141,97,1,149600.0
2026-01-03,telegram,68,38,3,63800.0
2026-01-03,google,58,32,0,84700.0
2026-01-03,facebook,24,14,0,41200.0
2026-01-03,referral,28,16,0,0.0
2026-01-03,organic,38,24,0,0.0
2026-01-04,instagram,162,120,2,206100.0
2026-01-04,telegram,102,67,1,135900.0
2026-01-04,google,80,58,0,125400.0
2026-01-04,facebook,66,52,0,66900.0
2026-01-04,referral,14,9,2,0.0
2026-01-04,organic,40,22,0,0.0
2026-01-05,instagram,111,65,1,195200.0
2026-01-05,telegram,69,52,0,127500.0
2026-01-05,google,85,64,0,80000.0
2026-01-05,facebook,63,44,0,72100.0
2026-01-05,referral,28,19,1,0.0
2026-01-05,organic,55,39,0,0.0
2026-01-06,instagram,167,99,2,362200.0
2026-01-06,telegram,72,57,0,130200.0
2026-01-06,google,66,41,0,133000.0
2026-01-06,facebook,36,26,0,64600.0
2026-01-06,referral,33,18,0,0.0
2026-01-06,organic,22,12,1,0.0
2026-01-07,instagram,71,52,1,129900.0
2026-01-07,telegram,85,48,1,96200.0
2026-01-07,google,88,69,0,86100.0
2026-01-07,facebook,27,15,0,54200.0
2026-01-07,referral,31,23,1,0.0
2026-01-07,organic,55,40,0,0.0
2026-01-08,instagram,173,106,3,364900.0
2026-01-08,telegram,89,53,1,109300.0
2026-01-08,google,58,44,1,111100.0
2026-01-08,facebook,38,27,0,30500.0
2026-01-08,referral,37,28,0,0.0
2026-01-08,organic,48,30,1,0.0
2026-01-09,instagram,140,82,0,132000.0
2026-01-09,telegram,20,15,1,18400.0
2026-01-09,google,38,27,0,39400.0
2026-01-09,facebook,47,28,1,89500.0
2026-01-09,referral,20,12,0,0.0
2026-01-09,organic,61,36,0,0.0
2026-01-10,instagram,131,75,2,203200.0
2026-01-10,telegram,109,78,0,106300.0
2026-01-10,google,89,59,1,175300.0
2026-01-10,facebook,35,22,1,34000.0
2026-01-10,referral,20,14,2,0.0
2026-01-10,organic,45,32,1,0.0
2026-01-11,instagram,131,82,3,138300.0
2026-01-11,telegram,67,48,0,144700.0
2026-01-11,google,88,69,0,85500.0
2026-01-11,facebook,51,34,0,41000.0
2026-01-11,referral,18,10,1,0.0
2026-01-11,organic,61,48,1,0.0
2026-01-12,instagram,120,92,2,262100.0
2026-01-12,telegram,64,50,1,68900.0
2026-01-12,google,66,50,0,97100.0
2026-01-12,facebook,50,34,0,61400.0
2026-01-12,referral,30,22,1,0.0
2026-01-12,organic,44,28,0,0.0
2026-01-13,instagram,143,95,0,250100.0
2026-01-13,telegram,59,46,1,87300.0
2026-01-13,google,86,65,0,176100.0
2026-01-13,facebook,45,31,1,69600.0
2026-01-13,referral,24,14,0,0.0
2026-01-13,organic,66,36,1,0.0
2026-01-14,instagram,218,126,3,352100.0
2026-01-14,telegram,84,47,0,130000.0
2026-01-14,google,75,58,0,61100.0
2026-01-14,facebook,52,30,0,64600.0
2026-01-14,referral,27,15,0,0.0
2026-01-14,organic,69,49,1,0.0
2026-01-15,instagram,120,86,0,152500.0
2026-01-15,telegram,84,52,0,164900.0
2026-01-15,google,46,26,0,49800.0
2026-01-15,facebook,36,23,0,58700.0
2026-01-15,referral,14,8,1,0.0
2026-01-15,organic,69,38,0,0.0
2026-01-16,instagram,174,125,2,373800.0
2026-01-16,telegram,98,56,1,200500.0
2026-01-16,google,42,25,0,88500.0
2026-01-16,facebook,53,39,0,76500.0
2026-01-16,referral,24,17,0,0.0
2026-01-16,organic,59,46,1,0.0
2026-01-17,instagram,206,151,0,329800.0
2026-01-17,telegram,61,44,1,111400.0
2026-01-17,google,80,50,0,133300.0
2026-01-17,facebook,37,27,0,63400.0
2026-01-17,referral,16,8,1,0.0
2026-01-17,organic,58,36,0,0.0
2026-01-18,instagram,98,73,0,210100.0
2026-01-18,telegram,116,84,1,193700.0
2026-01-18,google,73,51,1,99300.0
2026-01-18,facebook,32,24,1,50900.0
2026-01-18,referral,33,22,1,0.0
2026-01-18,organic,67,38,1,0.0
2026-01-19,instagram,171,118,5,216400.0
2026-01-19,telegram,82,45,2,110200.0
2026-01-19,google,72,56,1,73200.0
2026-01-19,facebook,57,38,0,75900.0
2026-01-19,referral,32,25,0,0.0
2026-01-19,organic,41,23,1,0.0
2026-01-20,instagram,143,79,1,302600.0
2026-01-20,telegram,56,32,4,88000.0
2026-01-20,google,66,43,0,97000.0
2026-01-20,facebook,31,18,1,47600.0
2026-01-20,referral,41,25,0,0.0
2026-01-20,organic,34,24,1,0.0
2026-01-21,instagram,72,54,0,87600.0
2026-01-21,telegram,81,49,2,123900.0
2026-01-21,google,55,34,0,83000.0
2026-01-21,facebook,38,27,1,59300.0
2026-01-21,referral,27,15,1,0.0
2026-01-21,organic,57,34,1,0.0
2026-01-22,instagram,45,30,1,48600.0
2026-01-22,telegram,90,55,0,136200.0
2026-01-22,google,78,51,0,167500.0
2026-01-22,facebook,27,18,1,31200.0
2026-01-22,referral,33,19,0,0.0
2026-01-22,organic,43,31,1,0.0
2026-01-23,instagram,137,87,1,113600.0
2026-01-23,telegram,99,74,0,97900.0
2026-01-23,google,40,25,1,74700.0
2026-01-23,facebook,43,30,0,34800.0
2026-01-23,referral,24,14,1,0.0
2026-01-23,organic,39,30,1,0.0
2026-01-24,instagram,89,60,1,178700.0
2026-01-24,telegram,110,62,0,111900.0
2026-01-24,google,62,45,0,95800.0
2026-01-24,facebook,49,36,1,61000.0
2026-01-24,referral,35,22,1,0.0
2026-01-24,organic,56,37,0,0.0
2026-01-25,instagram,116,86,0,218400.0
2026-01-25,telegram,76,58,1,123600.0
2026-01-25,google,24,14,0,46500.0
2026-01-25,facebook,33,24,0,71800.0
2026-01-25,referral,22,13,0,0.0
2026-01-25,organic,67,44,1,0.0
2026-01-26,instagram,146,91,1,216100.0
2026-01-26,telegram,98,60,1,81600.0
2026-01-26,google,97,72,0,115400.0
2026-01-26,facebook,40,26,0,70200.0
2026-01-26,referral,26,16,0,0.0
2026-01-26,organic,48,35,1,0.0
2026-01-27,instagram,132,95,3,123800.0
2026-01-27,telegram,90,69,1,92300.0
2026-01-27,google,48,34,1,99000.0
2026-01-27,facebook,52,39,0,57600.0
2026-01-27,referral,37,28,0,0.0
2026-01-27,organic,59,46,1,0.0
2026-01-28,instagram,96,75,0,145800.0
2026-01-28,telegram,130,74,0,143300.0
2026-01-28,google,61,35,0,129300.0
2026-01-28,facebook,65,37,0,73400.0
2026-01-28,referral,20,11,0,0.0
2026-01-28,organic,35,21,0,0.0
2026-01-29,instagram,136,99,2,243700.0
2026-01-29,telegram,83,46,1,164200.0
2026-01-29,google,85,50,1,148900.0
2026-01-29,facebook,49,27,0,54900.0
2026-01-29,referral,26,16,1,0.0
2026-01-29,organic,57,33,1,0.0
2026-01-30,instagram,74,45,3,108200.0
2026-01-30,telegram,72,53,0,73700.0
2026-01-30,google,50,30,0,99700.0
2026-01-30,facebook,40,30,0,52700.0
2026-01-30,referral,29,20,0,0.0
2026-01-30,organic,54,36,0,0.0
2026-01-31,instagram,160,126,0,189000.0
2026-01-31,telegram,46,36,0,73300.0
2026-01-31,google,56,32,0,103900.0
2026-01-31,facebook,40,31,0,43300.0
2026-01-31,referral,23,14,3,0.0
2026-01-31,organic,23,13,0,0.0
2026-02-01,instagram,88,69,2,103000.0
2026-02-01,telegram,88,58,1,87000.0
2026-02-01,google,42,31,0,82200.0
2026-02-01,facebook,39,25,1,58200.0
2026-02-01,referral,13,9,1,0.0
2026-02-01,organic,69,42,1,0.0
2026-02-02,instagram,84,65,0,131500.0
2026-02-02,telegram,98,73,1,158900.0
2026-02-02,google,76,42,3,144100.0
2026-02-02,facebook,49,30,0,57400.0
2026-02-02,referral,26,18,0,0.0
2026-02-02,organic,42,26,0,0.0
2026-02-03,instagram,133,105,2,192100.0
2026-02-03,telegram,88,58,0,159000.0
2026-02-03,google,66,52,0,97700.0
2026-02-03,facebook,58,36,0,109700.0
2026-02-03,referral,24,15,1,0.0
2026-02-03,organic,59,35,1,0.0
2026-02-04,instagram,133,84,2,119100.0
2026-02-04,telegram,128,76,0,234200.0
2026-02-04,google,56,38,1,75100.0
2026-02-04,facebook,41,31,0,67400.0
2026-02-04,referral,28,20,0,0.0
2026-02-04,organic,65,39,1,0.0
2026-02-05,instagram,131,98,1,224700.0
2026-02-05,telegram,68,39,1,103000.0
2026-02-05,google,109,83,1,217400.0
2026-02-05,facebook,36,28,0,78300.0
2026-02-05,referral,18,12,3,0.0
2026-02-05,organic,40,22,0,0.0
2026-02-06,instagram,167,112,1,359200.0
2026-02-06,telegram,81,53,1,154700.0
2026-02-06,google,53,35,0,89100.0
2026-02-06,facebook,41,29,0,78900.0
2026-02-06,referral,12,7,1,0.0
2026-02-06,organic,64,49,0,0.0
2026-02-07,instagram,94,71,2,156400.0
2026-02-07,telegram,83,55,1,90900.0
2026-02-07,google,52,31,0,93500.0
2026-02-07,facebook,43,29,0,64200.0
2026-02-07,referral,28,21,0,0.0
2026-02-07,organic,68,50,0,0.0
2026-02-08,instagram,141,106,1,137300.0
2026-02-08,telegram,104,65,1,189500.0
2026-02-08,google,62,38,0,69600.0
2026-02-08,facebook,27,19,0,40800.0
2026-02-08,referral,28,19,0,0.0
2026-02-08,organic,30,17,0,0.0
2026-02-09,instagram,125,80,2,138200.0
2026-02-09,telegram,87,68,0,112300.0
2026-02-09,google,41,23,1,68300.0
2026-02-09,facebook,40,26,0,40600.0
2026-02-09,referral,25,19,1,0.0
2026-02-09,organic,73,54,1,0.0
2026-02-10,instagram,118,92,2,197000.0
2026-02-10,telegram,94,67,1,113100.0
2026-02-10,google,68,44,1,125200.0
2026-02-10,facebook,53,34,0,62000.0
2026-02-10,referral,28,21,2,0.0
2026-02-10,organic,86,66,1,0.0
2026-02-11,instagram,158,87,1,176000.0
2026-02-11,telegram,55,35,1,113900.0
2026-02-11,google,76,44,0,127300.0
2026-02-11,facebook,42,30,1,79800.0
2026-02-11,referral,15,10,1,0.0
2026-02-11,organic,43,28,1,0.0
2026-02-12,instagram,111,61,2,127200.0
2026-02-12,telegram,133,104,0,115400.0
2026-02-12,google,88,65,0,70700.0
2026-02-12,facebook,41,32,0,68900.0
2026-02-12,referral,22,13,0,0.0
2026-02-12,organic,42,30,0,0.0
2026-02-13,instagram,164,102,0,280300.0
2026-02-13,telegram,127,96,1,125100.0
2026-02-13,google,90,50,0,151700.0
2026-02-13,facebook,70,54,1,116600.0
2026-02-13,referral,30,21,0,0.0
2026-02-13,organic,68,38,1,0.0
2026-02-14,instagram,172,132,0,191200.0
2026-02-14,telegram,92,51,1,119100.0
2026-02-14,google,72,54,0,152700.0
2026-02-14,facebook,43,28,0,38100.0
2026-02-14,referral,25,19,1,0.0
2026-02-14,organic,64,40,0,0.0
2026-02-15,instagram,50,28,0,92600.0
2026-02-15,telegram,75,58,2,107700.0
2026-02-15,google,79,46,0,79900.0
2026-02-15,facebook,41,24,0,88900.0
2026-02-15,referral,33,21,0,0.0
2026-02-15,organic,58,39,0,0.0
2026-02-16,instagram,201,128,2,185000.0
2026-02-16,telegram,83,54,1,150900.0
2026-02-16,google,50,31,0,46100.0
2026-02-16,facebook,61,43,0,91500.0
2026-02-16,referral,20,11,0,0.0
2026-02-16,organic,69,50,1,0.0
2026-02-17,instagram,150,112,2,192600.0
2026-02-17,telegram,104,65,0,189600.0
2026-02-17,google,71,47,0,84600.0
2026-02-17,facebook,54,34,1,72700.0
2026-02-17,referral,37,24,2,0.0
2026-02-17,organic,44,27,0,0.0
2026-02-18,instagram,78,51,1,135800.0
2026-02-18,telegram,106,67,2,111600.0
2026-02-18,google,88,65,0,86500.0
2026-02-18,facebook,53,34,0,64100.0
2026-02-18,referral,31,24,1,0.0
2026-02-18,organic,65,39,0,0.0
2026-02-19,instagram,173,96,0,169500.0
2026-02-19,telegram,90,57,2,145200.0
2026-02-19,google,66,39,0,124100.0
2026-02-19,facebook,59,32,0,100900.0
2026-02-19,referral,40,31,0,0.0
2026-02-19,organic,45,25,0,0.0
2026-02-20,instagram,181,140,1,164600.0
2026-02-20,telegram,87,54,0,140500.0
2026-02-20,google,57,42,0,99100.0
2026-02-20,facebook,47,28,0,68300.0
2026-02-20,referral,24,18,1,0.0
2026-02-20,organic,57,44,0,0.0
2026-02-21,instagram,94,71,2,194200.0
2026-02-21,telegram,88,69,1,121000.0
2026-02-21,google,51,28,0,60400.0
2026-02-21,facebook,40,30,0,85400.0
2026-02-21,referral,22,16,0,0.0
2026-02-21,organic,68,50,1,0.0
2026-02-22,instagram,179,120,1,340500.0
2026-02-22,telegram,76,57,2,162600.0
2026-02-22,google,61,45,0,96700.0
2026-02-22,facebook,43,28,0,92200.0
2026-02-22,referral,35,25,2,0.0
2026-02-22,organic,48,32,0,0.0
2026-02-23,instagram,157,123,1,344900.0
2026-02-23,telegram,126,92,0,117400.0
2026-02-23,google,66,42,1,132700.0
2026-02-23,facebook,45,35,0,66500.0
2026-02-23,referral,27,18,0,0.0
2026-02-23,organic,68,50,0,0.0
2026-02-24,instagram,167,95,2,335300.0
2026-02-24,telegram,90,66,0,106000.0
2026-02-24,google,53,29,0,49200.0
2026-02-24,facebook,38,28,0,65100.0
2026-02-24,referral,32,20,0,0.0
2026-02-24,organic,56,37,1,0.0
2026-02-25,instagram,127,94,0,195800.0
2026-02-25,telegram,64,41,1,114900.0
2026-02-25,google,68,45,0,95100.0
2026-02-25,facebook,19,11,1,21400.0
2026-02-25,referral,19,12,0,0.0
2026-02-25,organic,46,33,0,0.0
2026-02-26,instagram,146,100,1,193800.0
2026-02-26,telegram,127,90,0,236200.0
2026-02-26,google,69,44,0,74600.0
2026-02-26,facebook,53,40,0,51400.0
2026-02-26,referral,20,14,0,0.0
2026-02-26,organic,44,34,0,0.0
2026-02-27,instagram,126,96,0,228800.0
2026-02-27,telegram,93,59,0,114400.0
2026-02-27,google,69,51,0,70800.0
2026-02-27,facebook,64,39,1,129100.0
2026-02-27,referral,22,14,1,0.0
2026-02-27,organic,79,61,1,0.0
2026-02-28,instagram,117,64,1,119500.0
2026-02-28,telegram,87,56,1,113700.0
2026-02-28,google,62,40,1,112600.0
2026-02-28,facebook,53,42,2,105000.0
2026-02-28,referral,29,18,0,0.0
2026-02-28,organic,28,21,1,0.0
2026-03-01,instagram,141,79,1,307800.0
2026-03-01,telegram,91,65,1,107800.0
2026-03-01,google,82,56,0,119600.0
2026-03-01,facebook,69,44,0,96700.0
2026-03-01,referral,24,17,0,0.0
2026-03-01,organic,78,53,0,0.0
2026-03-02,instagram,128,87,1,123800.0
2026-03-02,telegram,59,38,1,76300.0
2026-03-02,google,55,37,1,46900.0
2026-03-02,facebook,32,19,0,66100.0
2026-03-02,referral,29,21,0,0.0
2026-03-02,organic,78,60,0,0.0
2026-03-03,instagram,118,73,0,211400.0
2026-03-03,telegram,80,56,1,139900.0
2026-03-03,google,101,59,0,171000.0
2026-03-03,facebook,44,33,0,77900.0
2026-03-03,referral,25,14,2,0.0
2026-03-03,organic,54,34,0,0.0
2026-03-04,instagram,122,93,2,183700.0
2026-03-04,telegram,86,58,0,94700.0
2026-03-04,google,72,48,0,99300.0
2026-03-04,facebook,42,30,0,71500.0
2026-03-04,referral,34,24,0,0.0
2026-03-04,organic,42,28,1,0.0
2026-03-05,instagram,166,112,2,306500.0
2026-03-05,telegram,91,54,0,134800.0
2026-03-05,google,42,24,0,61300.0
2026-03-05,facebook,32,21,0,52100.0
2026-03-05,referral,33,25,1,0.0
2026-03-05,organic,63,48,1,0.0
2026-03-06,instagram,100,74,1,195500.0
2026-03-06,telegram,89,69,1,130100.0
2026-03-06,google,82,53,0,73700.0
2026-03-06,facebook,50,34,1,41000.0
2026-03-06,referral,25,16,0,0.0
2026-03-06,organic,37,21,1,0.0
2026-03-07,instagram,169,120,1,315900.0
2026-03-07,telegram,80,49,1,175700.0
2026-03-07,google,63,40,0,53000.0
2026-03-07,facebook,39,29,0,76100.0
2026-03-07,referral,28,22,0,0.0
2026-03-07,organic,33,19,0,0.0
2026-03-08,instagram,119,71,1,105400.0
2026-03-08,telegram,52,38,0,41900.0
2026-03-08,google,62,48,0,62800.0
2026-03-08,facebook,41,27,0,82700.0
2026-03-08,referral,45,25,1,0.0
2026-03-08,organic,59,44,0,0.0
2026-03-09,instagram,123,87,0,183500.0
2026-03-09,telegram,74,57,1,82300.0
2026-03-09,google,76,55,0,84300.0
2026-03-09,facebook,24,13,0,27100.0
2026-03-09,referral,24,18,0,0.0
2026-03-09,organic,47,29,0,0.0
2026-03-10,instagram,207,148,1,185800.0
2026-03-10,telegram,91,59,1,111800.0
2026-03-10,google,72,52,0,127300.0
2026-03-10,facebook,55,40,1,85100.0
2026-03-10,referral,30,17,1,0.0
2026-03-10,organic,55,35,0,0.0
2026-03-11,instagram,113,77,1,151400.0
2026-03-11,telegram,79,57,0,137900.0
2026-03-11,google,69,52,0,126600.0
2026-03-11,facebook,39,29,0,49300.0
2026-03-11,referral,31,24,1,0.0
2026-03-11,organic,64,39,0,0.0
2026-03-12,instagram,114,74,1,216300.0
2026-03-12,telegram,93,55,0,82600.0
2026-03-12,google,51,29,1,106700.0
2026-03-12,facebook,37,28,0,50800.0
2026-03-12,referral,26,14,1,0.0
2026-03-12,organic,69,48,0,0.0
2026-03-13,instagram,65,51,1,52400.0
2026-03-13,telegram,94,66,0,140700.0
2026-03-13,google,80,63,3,85200.0
2026-03-13,facebook,29,16,1,25500.0
2026-03-13,referral,30,22,1,0.0
2026-03-13,organic,61,38,1,0.0
2026-03-14,instagram,149,89,2,239100.0
2026-03-14,telegram,90,51,2,93400.0
2026-03-14,google,25,17,1,33900.0
2026-03-14,facebook,35,20,1,49100.0
2026-03-14,referral,32,19,3,0.0
2026-03-14,organic,40,22,0,0.0
2026-03-15,instagram,143,92,2,125300.0
2026-03-15,telegram,93,61,0,132400.0
2026-03-15,google,74,49,0,99800.0
2026-03-15,facebook,35,19,0,30600.0
2026-03-15,referral,17,10,0,0.0
2026-03-15,organic,62,47,0,0.0
2026-03-16,instagram,82,45,1,95500.0
2026-03-16,telegram,90,66,1,120600.0
2026-03-16,google,90,70,1,196100.0
2026-03-16,facebook,44,30,0,78300.0
2026-03-16,referral,24,18,0,0.0
2026-03-16,organic,68,49,1,0.0
2026-03-17,instagram,112,76,4,183500.0
2026-03-17,telegram,70,48,1,96100.0
2026-03-17,google,54,42,0,68100.0
2026-03-17,facebook,49,34,1,69600.0
2026-03-17,referral,26,17,1,0.0
2026-03-17,organic,64,37,0,0.0
2026-03-18,instagram,137,87,1,111600.0
2026-03-18,telegram,115,67,1,108700.0
2026-03-18,google,75,59,0,129100.0
2026-03-18,facebook,28,19,1,46700.0
2026-03-18,referral,28,17,0,0.0
2026-03-18,organic,72,55,1,0.0
2026-03-19,instagram,100,66,1,199900.0
2026-03-19,telegram,90,55,0,103600.0
2026-03-19,google,75,46,0,63100.0
2026-03-19,facebook,38,28,0,77300.0
2026-03-19,referral,20,13,0,0.0
2026-03-19,organic,72,48,1,0.0
2026-03-20,instagram,166,101,1,275400.0
2026-03-20,telegram,97,76,1,101000.0
2026-03-20,google,78,49,1,85900.0
2026-03-20,facebook,25,17,0,32600.0
2026-03-20,referral,29,19,1,0.0
2026-03-20,organic,90,58,0,0.0
2026-03-21,instagram,160,113,1,310900.0
2026-03-21,telegram,92,64,0,164900.0
2026-03-21,google,26,17,1,33900.0
2026-03-21,facebook,59,39,0,71600.0
2026-03-21,referral,46,33,1,0.0
2026-03-21,organic,53,41,0,0.0
2026-03-22,instagram,172,120,0,268400.0
2026-03-22,telegram,83,52,0,110300.0
2026-03-22,google,36,25,0,68500.0
2026-03-22,facebook,39,21,0,72900.0
2026-03-22,referral,35,24,2,0.0
2026-03-22,organic,50,38,0,0.0
2026-03-23,instagram,98,60,4,120300.0
2026-03-23,telegram,58,45,1,86200.0
2026-03-23,google,68,43,0,92000.0
2026-03-23,facebook,39,21,0,38800.0
2026-03-23,referral,12,7,0,0.0
2026-03-23,organic,69,39,0,0.0
2026-03-24,instagram,134,85,1,283200.0
2026-03-24,telegram,94,67,0,92700.0
2026-03-24,google,87,67,0,146900.0
2026-03-24,facebook,54,34,1,86800.0
2026-03-24,referral,28,21,0,0.0
2026-03-24,organic,68,45,0,0.0
2026-03-25,instagram,132,93,1,251800.0
2026-03-25,telegram,95,75,0,110300.0
2026-03-25,google,115,83,1,241300.0
2026-03-25,facebook,49,32,0,96100.0
2026-03-25,referral,31,21,1,0.0
2026-03-25,organic,72,47,1,0.0
2026-03-26,instagram,166,118,1,288300.0
2026-03-26,telegram,77,53,1,98500.0
2026-03-26,google,80,45,0,80600.0
2026-03-26,facebook,44,32,0,91100.0
2026-03-26,referral,18,13,0,0.0
2026-03-26,organic,39,24,0,0.0
2026-03-27,instagram,98,78,1,130500.0
2026-03-27,telegram,88,54,1,95700.0
2026-03-27,google,70,39,0,126900.0
2026-03-27,facebook,46,33,0,92800.0
2026-03-27,referral,17,10,0,0.0
2026-03-27,organic,67,43,1,0.0
2026-03-28,instagram,128,77,2,143100.0
2026-03-28,telegram,38,29,0,64600.0
2026-03-28,google,58,41,0,56800.0
2026-03-28,facebook,39,23,0,67800.0
2026-03-28,referral,20,14,1,0.0
2026-03-28,organic,56,41,1,0.0
2026-03-29,instagram,146,102,2,239000.0
2026-03-29,telegram,84,56,1,147700.0
2026-03-29,google,59,42,0,59400.0
2026-03-29,facebook,29,18,0,57300.0
2026-03-29,referral,23,15,0,0.0
2026-03-29,organic,62,47,0,0.0
2026-03-30,instagram,189,108,2,362300.0
2026-03-30,telegram,101,70,4,104900.0
2026-03-30,google,84,48,1,132000.0
2026-03-30,facebook,45,35,1,62200.0
2026-03-30,referral,27,16,0,0.0
2026-03-30,organic,56,42,0,0.0
2026-03-31,instagram,137,97,2,253900.0
2026-03-31,telegram,71,55,0,102000.0
2026-03-31,google,94,68,0,112800.0
2026-03-31,facebook,54,42,0,46000.0
2026-03-31,referral,23,16,0,0.0
2026-03-31,organic,79,49,1,0.0
2026-04-01,instagram,163,111,1,346800.0
2026-04-01,telegram,67,40,0,61800.0
2026-04-01,google,79,55,0,85400.0
2026-04-01,facebook,50,36,2,84800.0
2026-04-01,referral,27,18,0,0.0
2026-04-01,organic,84,61,1,0.0
2026-04-02,instagram,130,102,1,260500.0
2026-04-02,telegram,119,81,0,158800.0
2026-04-02,google,39,26,0,42800.0
2026-04-02,facebook,59,44,0,79700.0
2026-04-02,referral,21,15,0,0.0
2026-04-02,organic,47,27,0,0.0
2026-04-03,instagram,154,117,0,129600.0
2026-04-03,telegram,98,61,0,179600.0
2026-04-03,google,66,47,0,120000.0
2026-04-03,facebook,53,42,0,72700.0
2026-04-03,referral,33,24,0,0.0
2026-04-03,organic,77,48,1,0.0
2026-04-04,instagram,116,91,0,202000.0
2026-04-04,telegram,81,64,0,102200.0
2026-04-04,google,81,56,0,89400.0
2026-04-04,facebook,50,30,1,89500.0
2026-04-04,referral,26,19,1,0.0
2026-04-04,organic,54,37,0,0.0
2026-04-05,instagram,131,85,0,211100.0
2026-04-05,telegram,105,70,0,124300.0
2026-04-05,google,63,43,1,76100.0
2026-04-05,facebook,61,37,1,86900.0
2026-04-05,referral,42,28,0,0.0
2026-04-05,organic,42,29,0,0.0
2026-04-06,instagram,99,76,1,150100.0
2026-04-06,telegram,76,52,1,100200.0
2026-04-06,google,53,31,0,114400.0
2026-04-06,facebook,66,38,0,91700.0
2026-04-06,referral,23,13,2,0.0
2026-04-06,organic,53,41,1,0.0
2026-04-07,instagram,144,82,0,240000.0
2026-04-07,telegram,101,71,0,216300.0
2026-04-07,google,82,49,0,92400.0
2026-04-07,facebook,50,29,0,68700.0
2026-04-07,referral,33,19,0,0.0
2026-04-07,organic,60,46,0,0.0
2026-04-08,instagram,132,100,1,237100.0
2026-04-08,telegram,62,42,0,59700.0
2026-04-08,google,99,74,0,160300.0
2026-04-08,facebook,44,31,0,95400.0
2026-04-08,referral,35,22,1,0.0
2026-04-08,organic,60,47,0,0.0
2026-04-09,instagram,138,97,1,207100.0
2026-04-09,telegram,103,78,2,184700.0
2026-04-09,google,67,52,0,68500.0
2026-04-09,facebook,45,29,0,44900.0
2026-04-09,referral,36,22,1,0.0
2026-04-09,organic,75,59,1,0.0
2026-04-10,instagram,109,71,1,132100.0
2026-04-10,telegram,145,86,0,141900.0
2026-04-10,google,67,39,0,134100.0
2026-04-10,facebook,55,41,0,49400.0
2026-04-10,referral,39,24,0,0.0
2026-04-10,organic,33,24,0,0.0
2026-04-11,instagram,170,118,1,152300.0
2026-04-11,telegram,116,77,0,161300.0
2026-04-11,google,88,64,0,113900.0
2026-04-11,facebook,47,29,0,60000.0
2026-04-11,referral,33,22,4,0.0
2026-04-11,organic,67,48,0,0.0
2026-04-12,instagram,149,84,1,178600.0
2026-04-12,telegram,99,71,0,175100.0
2026-04-12,google,48,30,0,42400.0
2026-04-12,facebook,33,24,0,29500.0
2026-04-12,referral,21,14,0,0.0
2026-04-12,organic,75,52,0,0.0
2026-04-13,instagram,80,54,1,148100.0
2026-04-13,telegram,91,64,1,183000.0
2026-04-13,google,72,49,0,82500.0
2026-04-13,facebook,30,22,0,53000.0
2026-04-13,referral,28,16,1,0.0
2026-04-13,organic,68,47,0,0.0
2026-04-14,instagram,126,96,0,110600.0
2026-04-14,telegram,80,60,0,65500.0
2026-04-14,google,46,25,0,93500.0
2026-04-14,facebook,40,25,0,44200.0
2026-04-14,referral,16,9,0,0.0
2026-04-14,organic,58,43,0,0.0
2026-04-15,instagram,98,61,0,103900.0
2026-04-15,telegram,78,49,1,132700.0
2026-04-15,google,59,42,1,71900.0
2026-04-15,facebook,30,23,0,33100.0
2026-04-15,referral,32,19,1,0.0
2026-04-15,organic,33,22,1,0.0
2026-04-16,instagram,158,121,1,284500.0
2026-04-16,telegram,122,75,2,256100.0
2026-04-16,google,62,36,0,132100.0
2026-04-16,facebook,44,25,0,80500.0
2026-04-16,referral,25,14,0,0.0
2026-04-16,organic,54,37,0,0.0
2026-04-17,instagram,161,104,1,181600.0
2026-04-17,telegram,87,57,0,79100.0
2026-04-17,google,43,26,1,63600.0
2026-04-17,facebook,63,38,0,64400.0
2026-04-17,referral,28,19,0,0.0
2026-04-17,organic,76,54,0,0.0
2026-04-18,instagram,186,104,1,257800.0
2026-04-18,telegram,50,30,1,77100.0
2026-04-18,google,60,36,0,113500.0
2026-04-18,facebook,46,27,0,75000.0
2026-04-18,referral,34,18,0,0.0
2026-04-18,organic,62,34,0,0.0
2026-04-19,instagram,144,94,0,310200.0
2026-04-19,telegram,103,61,0,226200.0
2026-04-19,google,69,49,1,120900.0
2026-04-19,facebook,59,38,0,104700.0
2026-04-19,referral,28,18,1,0.0
2026-04-19,organic,47,28,1,0.0
2026-04-20,instagram,127,89,1,135400.0
2026-04-20,telegram,64,40,1,88900.0
2026-04-20,google,56,43,1,98900.0
2026-04-20,facebook,58,36,0,107300.0
2026-04-20,referral,23,16,0,0.0
2026-04-20,organic,49,31,0,0.0
2026-04-21,instagram,113,63,1,93900.0
2026-04-21,telegram,124,84,1,141700.0
2026-04-21,google,65,39,0,115700.0
2026-04-21,facebook,51,38,0,100700.0
2026-04-21,referral,36,23,0,0.0
2026-04-21,organic,91,69,0,0.0
2026-04-22,instagram,153,109,1,156600.0
2026-04-22,telegram,79,46,1,136200.0
2026-04-22,google,68,41,1,88700.0
2026-04-22,facebook,53,41,0,43200.0
2026-04-22,referral,24,17,0,0.0
2026-04-22,organic,42,26,1,0.0
2026-04-23,instagram,100,61,1,148000.0
2026-04-23,telegram,82,64,0,157600.0
2026-04-23,google,66,52,2,73100.0
2026-04-23,facebook,54,40,0,106000.0
2026-04-23,referral,35,20,0,0.0
2026-04-23,organic,48,28,1,0.0
2026-04-24,instagram,202,131,4,316100.0
2026-04-24,telegram,101,67,0,138700.0
2026-04-24,google,76,48,0,68800.0
2026-04-24,facebook,39,30,0,64200.0
2026-04-24,referral,29,22,1,0.0
2026-04-24,organic,52,36,1,0.0
2026-04-25,instagram,151,94,0,307700.0
2026-04-25,telegram,113,67,0,221400.0
2026-04-25,google,51,36,0,90800.0
2026-04-25,facebook,39,23,0,55700.0
2026-04-25,referral,29,22,1,0.0
2026-04-25,organic,48,27,1,0.0
2026-04-26,instagram,108,76,0,193700.0
2026-04-26,telegram,94,55,0,87600.0
2026-04-26,google,85,61,1,180200.0
2026-04-26,facebook,30,20,0,39600.0
2026-04-26,referral,25,14,0,0.0
2026-04-26,organic,61,37,0,0.0
2026-04-27,instagram,143,101,0,218400.0
2026-04-27,telegram,107,65,0,87300.0
2026-04-27,google,77,46,0,166800.0
2026-04-27,facebook,35,25,0,57900.0
2026-04-27,referral,25,17,0,0.0
2026-04-27,organic,51,30,1,0.0
2026-04-28,instagram,59,43,0,66500.0
2026-04-28,telegram,87,65,0,180600.0
2026-04-28,google,69,46,0,85100.0
2026-04-28,facebook,45,27,2,37900.0
2026-04-28,referral,32,21,1,0.0
2026-04-28,organic,60,40,0,0.0
2026-04-29,instagram,113,84,0,166500.0
2026-04-29,telegram,82,48,0,66500.0
2026-04-29,google,49,30,0,63000.0
2026-04-29,facebook,52,35,0,95300.0
2026-04-29,referral,38,29,2,0.0
2026-04-29,organic,50,31,0,0.0
2026-04-30,instagram,210,139,2,413300.0
2026-04-30,telegram,142,84,0,303900.0
2026-04-30,google,48,34,0,55500.0
2026-04-30,facebook,36,24,0,42000.0
2026-04-30,referral,37,21,2,0.0
2026-04-30,organic,48,26,1,0.0
2026-05-01,instagram,197,135,1,350200.0
2026-05-01,telegram,85,67,0,170800.0
2026-05-01,google,92,67,0,83400.0
2026-05-01,facebook,43,28,0,62100.0
2026-05-01,referral,28,18,2,0.0
2026-05-01,organic,60,47,1,0.0
2026-05-02,instagram,158,101,1,142800.0
2026-05-02,telegram,77,61,2,65900.0
2026-05-02,google,87,57,0,105200.0
2026-05-02,facebook,51,40,0,91100.0
2026-05-02,referral,32,23,0,0.0
2026-05-02,organic,64,46,1,0.0
2026-05-03,instagram,181,103,1,330500.0
2026-05-03,telegram,76,54,0,81800.0
2026-05-03,google,56,41,0,95600.0
2026-05-03,facebook,58,38,0,65000.0
2026-05-03,referral,30,22,0,0.0
2026-05-03,organic,64,47,1,0.0
2026-05-04,instagram,117,70,0,114300.0
2026-05-04,telegram,85,60,0,98800.0
2026-05-04,google,68,41,0,119600.0
2026-05-04,facebook,52,31,0,82100.0
2026-05-04,referral,34,26,0,0.0
2026-05-04,organic,63,43,1,0.0
2026-05-05,instagram,172,108,1,361400.0
2026-05-05,telegram,91,54,0,199200.0
2026-05-05,google,47,27,0,90200.0
2026-05-05,facebook,58,37,0,62300.0
2026-05-05,referral,32,18,0,0.0
2026-05-05,organic,70,43,0,0.0
2026-05-06,instagram,100,79,0,219200.0
2026-05-06,telegram,70,52,0,148600.0
2026-05-06,google,80,53,0,70800.0
2026-05-06,facebook,60,39,0,70300.0
2026-05-06,referral,37,20,1,0.0
2026-05-06,organic,48,30,1,0.0
2026-05-07,instagram,84,52,3,123200.0
2026-05-07,telegram,140,100,1,279400.0
2026-05-07,google,61,46,0,121500.0
2026-05-07,facebook,63,47,0,99100.0
2026-05-07,referral,22,12,3,0.0
2026-05-07,organic,50,33,0,0.0
2026-05-08,instagram,119,70,0,185000.0
2026-05-08,telegram,121,66,0,104800.0
2026-05-08,google,72,43,1,107900.0
2026-05-08,facebook,53,36,0,53300.0
2026-05-08,referral,26,15,0,0.0
2026-05-08,organic,74,41,0,0.0
2026-05-09,instagram,139,83,0,228300.0
2026-05-09,telegram,98,74,1,213400.0
2026-05-09,google,99,60,0,183100.0
2026-05-09,facebook,42,28,0,84000.0
2026-05-09,referral,27,20,0,0.0
2026-05-09,organic,64,49,1,0.0
2026-05-10,instagram,122,79,1,119900.0
2026-05-10,telegram,89,63,0,87300.0
2026-05-10,google,75,55,0,159900.0
2026-05-10,facebook,40,26,0,45400.0
2026-05-10,referral,28,16,1,0.0
2026-05-10,organic,39,22,0,0.0
2026-05-11,instagram,157,113,0,296600.0
2026-05-11,telegram,111,66,0,177900.0
2026-05-11,google,69,42,0,69200.0
2026-05-11,facebook,35,20,1,41600.0
2026-05-11,referral,32,24,0,0.0
2026-05-11,organic,57,44,0,0.0
2026-05-12,instagram,156,115,2,163400.0
2026-05-12,telegram,112,84,1,243800.0
2026-05-12,google,70,55,0,118900.0
2026-05-12,facebook,9,6,0,13000.0
2026-05-12,referral,28,17,1,0.0
2026-05-12,organic,86,49,1,0.0
2026-05-13,instagram,130,91,0,205800.0
2026-05-13,telegram,61,39,0,86600.0
2026-05-13,google,68,38,0,109800.0
2026-05-13,facebook,46,28,0,91900.0
2026-05-13,referral,30,20,0,0.0
2026-05-13,organic,38,26,0,0.0
2026-05-14,instagram,200,115,0,355800.0
2026-05-14,telegram,133,75,1,129500.0
2026-05-14,google,46,27,1,94500.0
2026-05-14,facebook,49,31,0,77300.0
2026-05-14,referral,29,19,0,0.0
2026-05-14,organic,75,50,0,0.0
2026-05-15,instagram,135,92,1,179700.0
2026-05-15,telegram,48,29,1,53400.0
2026-05-15,google,70,55,1,58800.0
2026-05-15,facebook,52,41,0,66500.0
2026-05-15,referral,27,19,1,0.0
2026-05-15,organic,46,30,1,0.0
2026-05-16,instagram,155,107,0,268700.0
2026-05-16,telegram,114,70,0,233500.0
2026-05-16,google,63,47,0,61200.0
2026-05-16,facebook,61,33,0,99700.0
2026-05-16,referral,34,22,0,0.0
2026-05-16,organic,69,50,0,0.0
2026-05-17,instagram,170,99,0,285900.0
2026-05-17,telegram,70,41,0,75900.0
2026-05-17,google,86,57,1,184900.0
2026-05-17,facebook,36,24,0,32900.0
2026-05-17,referral,21,13,1,0.0
2026-05-17,organic,50,33,1,0.0
2026-05-18,instagram,114,68,2,224200.0
2026-05-18,telegram,99,63,1,212800.0
2026-05-18,google,59,32,0,110200.0
2026-05-18,facebook,62,35,0,63400.0
2026-05-18,referral,28,16,0,0.0
2026-05-18,organic,42,23,1,0.0
2026-05-19,instagram,189,138,0,401500.0
2026-05-19,telegram,122,68,0,121400.0
2026-05-19,google,79,53,0,63700.0
2026-05-19,facebook,38,29,1,43700.0
2026-05-19,referral,29,21,0,0.0
2026-05-19,organic,60,33,1,0.0
2026-05-20,instagram,206,125,1,347300.0
2026-05-20,telegram,58,35,1,67600.0
2026-05-20,google,64,49,1,96900.0
2026-05-20,facebook,37,27,0,64100.0
2026-05-20,referral,34,21,1,0.0
2026-05-20,organic,47,26,0,0.0
2026-05-21,instagram,167,130,0,294700.0
2026-05-21,telegram,108,85,2,192400.0
2026-05-21,google,72,48,0,132800.0
2026-05-21,facebook,64,48,0,95400.0
2026-05-21,referral,32,21,1,0.0
2026-05-21,organic,55,34,0,0.0
2026-05-22,instagram,169,101,0,307900.0
2026-05-22,telegram,73,56,1,66400.0
2026-05-22,google,63,42,0,70000.0
2026-05-22,facebook,71,40,0,109200.0
2026-05-22,referral,29,19,0,0.0
2026-05-22,organic,50,27,0,0.0
2026-05-23,instagram,106,79,0,151400.0
2026-05-23,telegram,63,48,1,116200.0
2026-05-23,google,76,58,1,74200.0
2026-05-23,facebook,52,34,0,89900.0
2026-05-23,referral,40,23,3,0.0
2026-05-23,organic,66,43,0,0.0
2026-05-24,instagram,106,61,1,172900.0
2026-05-24,telegram,89,53,2,189800.0
2026-05-24,google,62,36,0,107900.0
2026-05-24,facebook,67,39,0,105800.0
2026-05-24,referral,33,21,0,0.0
2026-05-24,organic,63,47,0,0.0
2026-05-25,instagram,161,121,1,132200.0
2026-05-25,telegram,87,50,0,96600.0
2026-05-25,google,48,26,1,59000.0
2026-05-25,facebook,42,29,1,83200.0
2026-05-25,referral,26,19,1,0.0
2026-05-25,organic,45,34,1,0.0
2026-05-26,instagram,95,56,0,193700.0
2026-05-26,telegram,107,71,0,115000.0
2026-05-26,google,71,56,0,132900.0
2026-05-26,facebook,60,47,0,78200.0
2026-05-26,referral,24,18,1,0.0
2026-05-26,organic,60,45,1,0.0
2026-05-27,instagram,150,95,2,186900.0
2026-05-27,telegram,161,92,1,129500.0
2026-05-27,google,74,49,0,76000.0
2026-05-27,facebook,52,32,0,67400.0
2026-05-27,referral,38,21,0,0.0
2026-05-27,organic,37,22,0,0.0
2026-05-28,instagram,174,126,1,214800.0
2026-05-28,telegram,115,74,0,181000.0
2026-05-28,google,53,34,3,108400.0
2026-05-28,facebook,38,27,0,32000.0
2026-05-28,referral,27,16,0,0.0
2026-05-28,organic,74,50,0,0.0
2026-05-29,instagram,63,38,0,135100.0
2026-05-29,telegram,105,75,0,144200.0
2026-05-29,google,58,45,1,52000.0
2026-05-29,facebook,47,32,0,101300.0
2026-05-29,referral,32,19,0,0.0
2026-05-29,organic,53,42,1,0.0
2026-05-30,instagram,125,77,3,160600.0
2026-05-30,telegram,93,65,0,75900.0
2026-05-30,google,76,43,0,79800.0
2026-05-30,facebook,40,31,0,69900.0
2026-05-30,referral,22,15,0,0.0
2026-05-30,organic,42,31,0,0.0
2026-05-31,instagram,158,125,0,139200.0
2026-05-31,telegram,56,43,0,103700.0
2026-05-31,google,65,39,1,55700.0
2026-05-31,facebook,47,26,0,41100.0
2026-05-31,referral,24,13,0,0.0
2026-05-31,organic,54,39,1,0.0
2026-06-01,instagram,139,98,1,258500.0
2026-06-01,telegram,85,56,3,155000.0
2026-06-01,google,69,46,0,132700.0
2026-06-01,facebook,40,25,0,55300.0
2026-06-01,referral,32,21,0,0.0
2026-06-01,organic,71,40,0,0.0
2026-06-02,instagram,120,90,1,149200.0
2026-06-02,telegram,48,35,1,90900.0
2026-06-02,google,40,24,0,50500.0
2026-06-02,facebook,66,42,0,56100.0
2026-06-02,referral,29,21,1,0.0
2026-06-02,organic,51,34,0,0.0
2026-06-03,instagram,168,123,2,362400.0
2026-06-03,telegram,66,40,0,131700.0
2026-06-03,google,84,62,0,82900.0
2026-06-03,facebook,41,28,0,76900.0
2026-06-03,referral,18,13,0,0.0
2026-06-03,organic,34,25,1,0.0
2026-06-04,instagram,180,133,1,290000.0
2026-06-04,telegram,69,54,1,116800.0
2026-06-04,google,95,58,0,181900.0
2026-06-04,facebook,20,12,0,43200.0
2026-06-04,referral,31,20,0,0.0
2026-06-04,organic,52,41,1,0.0
2026-06-05,instagram,98,77,2,194000.0
2026-06-05,telegram,75,57,0,100600.0
2026-06-05,google,68,40,0,61500.0
2026-06-05,facebook,33,18,0,39200.0
2026-06-05,referral,33,19,0,0.0
2026-06-05,organic,72,43,1,0.0
2026-06-06,instagram,112,86,0,201900.0
2026-06-06,telegram,75,59,0,136800.0
2026-06-06,google,63,38,0,106600.0
2026-06-06,facebook,49,37,0,50100.0
2026-06-06,referral,22,14,0,0.0
2026-06-06,organic,55,37,0,0.0
2026-06-07,instagram,116,73,0,128700.0
2026-06-07,telegram,91,70,0,120900.0
2026-06-07,google,91,58,0,151400.0
2026-06-07,facebook,40,22,0,80800.0
2026-06-07,referral,42,32,0,0.0
2026-06-07,organic,68,48,1,0.0
2026-06-08,instagram,126,90,0,169200.0
2026-06-08,telegram,93,71,0,198400.0
2026-06-08,google,73,52,0,74200.0
2026-06-08,facebook,52,30,0,87800.0
2026-06-08,referral,21,14,1,0.0
2026-06-08,organic,41,30,1,0.0
2026-06-09,instagram,117,70,2,191200.0
2026-06-09,telegram,67,36,1,55900.0
2026-06-09,google,79,53,0,135500.0
2026-06-09,facebook,48,38,1,94800.0
2026-06-09,referral,23,15,1,0.0
2026-06-09,organic,66,52,0,0.0
2026-06-10,instagram,190,151,0,171900.0
2026-06-10,telegram,110,86,1,159000.0
2026-06-10,google,62,43,1,107300.0
2026-06-10,facebook,57,35,0,70300.0
2026-06-10,referral,19,12,0,0.0
2026-06-10,organic,78,57,1,0.0
2026-06-11,instagram,192,126,0,207400.0
2026-06-11,telegram,84,49,2,179200.0
2026-06-11,google,56,42,1,93100.0
2026-06-11,facebook,52,40,1,100100.0
2026-06-11,referral,14,8,0,0.0
2026-06-11,organic,51,28,0,0.0
2026-06-12,instagram,22,15,0,25600.0
2026-06-12,telegram,102,56,1,207700.0
2026-06-12,google,73,42,0,64800.0
2026-06-12,facebook,50,28,1,108200.0
2026-06-12,referral,26,16,1,0.0
2026-06-12,organic,56,37,0,0.0
2026-06-13,instagram,146,103,1,188400.0
2026-06-13,telegram,106,80,2,161200.0
2026-06-13,google,53,36,1,88000.0
2026-06-13,facebook,69,54,0,98500.0
2026-06-13,referral,31,23,1,0.0
2026-06-13,organic,93,61,1,0.0
2026-06-14,instagram,176,126,1,222300.0
2026-06-14,telegram,42,28,1,42700.0
2026-06-14,google,79,53,0,76100.0
2026-06-14,facebook,56,33,0,91200.0
2026-06-14,referral,26,15,0,0.0
2026-06-14,organic,74,44,0,0.0
2026-06-15,instagram,146,85,2,289600.0
2026-06-15,telegram,58,41,0,47600.0
2026-06-15,google,47,27,0,72700.0
2026-06-15,facebook,48,33,0,93400.0
2026-06-15,referral,33,24,0,0.0
2026-06-15,organic,54,34,1,0.0
2026-06-16,instagram,230,166,0,362900.0
2026-06-16,telegram,69,40,0,93300.0
2026-06-16,google,60,36,1,60100.0
2026-06-16,facebook,58,34,0,83600.0
2026-06-16,referral,34,22,0,0.0
2026-06-16,organic,62,47,1,0.0
2026-06-17,instagram,140,110,1,169200.0
2026-06-17,telegram,63,45,3,100900.0
2026-06-17,google,70,44,1,78800.0
2026-06-17,facebook,28,17,0,58600.0
2026-06-17,referral,46,31,2,0.0
2026-06-17,organic,74,41,1,0.0
2026-06-18,instagram,75,55,0,97400.0
2026-06-18,telegram,100,76,1,91500.0
2026-06-18,google,65,39,0,136000.0
2026-06-18,facebook,46,30,0,64900.0
2026-06-18,referral,32,24,0,0.0
2026-06-18,organic,71,46,0,0.0
2026-06-19,instagram,177,118,2,245100.0
2026-06-19,telegram,47,35,0,78400.0
2026-06-19,google,81,57,0,162400.0
2026-06-19,facebook,34,22,0,45300.0
2026-06-19,referral,43,27,0,0.0
2026-06-19,organic,60,36,0,0.0
2026-06-20,instagram,94,56,2,129100.0
2026-06-20,telegram,96,69,0,141600.0
2026-06-20,google,86,64,2,162300.0
2026-06-20,facebook,44,33,0,92600.0
2026-06-20,referral,28,15,0,0.0
2026-06-20,organic,54,41,1,0.0
2026-06-21,instagram,163,118,1,211600.0
2026-06-21,telegram,93,69,0,188500.0
2026-06-21,google,96,53,1,127000.0
2026-06-21,facebook,49,36,0,39800.0
2026-06-21,referral,30,20,0,0.0
2026-06-21,organic,44,29,0,0.0
2026-06-22,instagram,178,113,0,301000.0
2026-06-22,telegram,58,36,0,120600.0
2026-06-22,google,38,22,0,69800.0
2026-06-22,facebook,46,30,1,50800.0
2026-06-22,referral,17,11,1,0.0
2026-06-22,organic,74,46,1,0.0
2026-06-23,instagram,186,113,2,212800.0
2026-06-23,telegram,82,50,1,126900.0
2026-06-23,google,35,21,0,64300.0
2026-06-23,facebook,41,29,0,57700.0
2026-06-23,referral,23,16,0,0.0
2026-06-23,organic,71,46,0,0.0
2026-06-24,instagram,106,83,1,124100.0
2026-06-24,telegram,79,53,1,143800.0
2026-06-24,google,105,77,0,191700.0
2026-06-24,facebook,41,24,0,82800.0
2026-06-24,referral,22,12,1,0.0
2026-06-24,organic,58,39,1,0.0
2026-06-25,instagram,175,125,2,289900.0
2026-06-25,telegram,67,41,1,137700.0
2026-06-25,google,73,56,0,60600.0
2026-06-25,facebook,41,31,0,58800.0
2026-06-25,referral,27,16,1,0.0
2026-06-25,organic,51,38,1,0.0
2026-06-26,instagram,122,79,1,221400.0
2026-06-26,telegram,111,74,1,242000.0
2026-06-26,google,102,60,0,118500.0
2026-06-26,facebook,44,32,0,82800.0
2026-06-26,referral,30,19,0,0.0
2026-06-26,organic,45,31,0,0.0
2026-06-27,instagram,126,85,4,125500.0
2026-06-27,telegram,104,69,0,95900.0
2026-06-27,google,32,17,0,66800.0
2026-06-27,facebook,50,38,0,78400.0
2026-06-27,referral,39,23,1,0.0
2026-06-27,organic,45,33,1,0.0
2026-06-28,instagram,80,57,0,132800.0
2026-06-28,telegram,102,57,0,161400.0
2026-06-28,google,116,81,0,137400.0
2026-06-28,facebook,35,24,0,56000.0
2026-06-28,referral,36,28,1,0.0
2026-06-28,organic,68,47,0,0.0
2026-06-29,instagram,179,106,0,334700.0
2026-06-29,telegram,71,49,1,143000.0
2026-06-29,google,83,60,0,172100.0
2026-06-29,facebook,38,23,0,40200.0
2026-06-29,referral,30,18,0,0.0
2026-06-29,organic,46,34,1,0.0
2026-06-30,instagram,131,96,0,286000.0
2026-06-30,telegram,83,55,1,140800.0
2026-06-30,google,73,56,1,149500.0
2026-06-30,facebook,88,57,0,158900.0
2026-06-30,referral,30,23,2,0.0
2026-06-30,organic,30,22,0,0.0
2026-07-01,instagram,156,92,0,217000.0
2026-07-01,telegram,99,74,0,181500.0
2026-07-01,google,104,73,0,126000.0
2026-07-01,facebook,41,32,0,41800.0
2026-07-01,referral,34,22,0,0.0
2026-07-01,organic,41,24,0,0.0
2026-07-02,instagram,119,84,0,121000.0
2026-07-02,telegram,106,80,1,162400.0
2026-07-02,google,66,44,0,72600.0
2026-07-02,facebook,27,19,0,23700.0
2026-07-02,referral,30,17,0,0.0
2026-07-02,organic,46,28,0,0.0
2026-07-03,instagram,150,111,0,126400.0
2026-07-03,telegram,105,82,0,168700.0
2026-07-03,google,80,53,0,74900.0
2026-07-03,facebook,44,32,0,88400.0
2026-07-03,referral,45,30,1,0.0
2026-07-03,organic,82,45,1,0.0
2026-07-04,instagram,217,121,0,279600.0
2026-07-04,telegram,85,55,0,184900.0
2026-07-04,google,64,49,0,63300.0
2026-07-04,facebook,65,44,0,131300.0
2026-07-04,referral,32,19,0,0.0
2026-07-04,organic,55,31,0,0.0
2026-07-05,instagram,122,95,2,213000.0
2026-07-05,telegram,114,80,1,179300.0
2026-07-05,google,80,51,0,137600.0
2026-07-05,facebook,65,41,0,126600.0
2026-07-05,referral,29,22,1,0.0
2026-07-05,organic,79,44,0,0.0
2026-07-06,instagram,153,115,1,140100.0
2026-07-06,telegram,76,58,0,85000.0
2026-07-06,google,59,38,0,79800.0
2026-07-06,facebook,40,22,0,75600.0
2026-07-06,referral,21,15,0,0.0
2026-07-06,organic,56,41,0,0.0
2026-07-07,instagram,89,63,2,93500.0
2026-07-07,telegram,79,49,0,63600.0
2026-07-07,google,102,59,0,215800.0
2026-07-07,facebook,57,31,0,121000.0
2026-07-07,referral,29,21,2,0.0
2026-07-07,organic,51,35,1,0.0
2026-07-08,instagram,112,80,0,112900.0
2026-07-08,telegram,77,45,1,64000.0
2026-07-08,google,63,44,0,137300.0
2026-07-08,facebook,38,27,0,74300.0
2026-07-08,referral,14,9,0,0.0
2026-07-08,organic,49,35,1,0.0
2026-07-09,instagram,140,106,0,192800.0
2026-07-09,telegram,90,68,0,86000.0
2026-07-09,google,48,37,0,79300.0
2026-07-09,facebook,42,23,0,59300.0
2026-07-09,referral,29,16,0,0.0
2026-07-09,organic,54,34,1,0.0
2026-07-10,instagram,187,105,1,206500.0
2026-07-10,telegram,79,47,1,94900.0
2026-07-10,google,82,60,0,68700.0
2026-07-10,facebook,62,42,0,50100.0
2026-07-10,referral,42,32,0,0.0
2026-07-10,organic,53,34,1,0.0
2026-07-11,instagram,163,112,0,185000.0
2026-07-11,telegram,103,60,0,185800.0
2026-07-11,google,86,58,0,88300.0
2026-07-11,facebook,48,31,0,69200.0
2026-07-11,referral,40,22,0,0.0
2026-07-11,organic,63,39,1,0.0
2026-07-12,instagram,179,136,0,309500.0
2026-07-12,telegram,61,39,1,90900.0
2026-07-12,google,74,48,2,119800.0
2026-07-12,facebook,62,41,0,101900.0
2026-07-12,referral,36,24,0,0.0
2026-07-12,organic,46,28,1,0.0
2026-07-13,instagram,142,88,0,194300.0
2026-07-13,telegram,94,56,1,167600.0
2026-07-13,google,101,59,0,126900.0
2026-07-13,facebook,43,25,0,41100.0
2026-07-13,referral,37,24,0,0.0
2026-07-13,organic,53,33,1,0.0
2026-07-14,instagram,137,84,0,213600.0
2026-07-14,telegram,86,66,1,169000.0
2026-07-14,google,73,44,0,149100.0
2026-07-14,facebook,60,40,0,104700.0
2026-07-14,referral,25,13,0,0.0
2026-07-14,organic,65,37,0,0.0
2026-07-15,instagram,125,73,1,209000.0
2026-07-15,telegram,89,50,0,81500.0
2026-07-15,google,102,60,0,117800.0
2026-07-15,facebook,26,15,0,28000.0
2026-07-15,referral,21,16,1,0.0
2026-07-15,organic,39,26,1,0.0
2026-07-16,instagram,192,118,0,280500.0
2026-07-16,telegram,125,81,1,231900.0
2026-07-16,google,51,30,0,67400.0
2026-07-16,facebook,57,45,1,85200.0
2026-07-16,referral,32,22,0,0.0
2026-07-16,organic,67,43,1,0.0
2026-07-17,instagram,72,52,1,81200.0
2026-07-17,telegram,120,84,0,231200.0
2026-07-17,google,74,58,0,72300.0
2026-07-17,facebook,51,36,0,67300.0
2026-07-17,referral,34,26,0,0.0
2026-07-17,organic,51,28,1,0.0
2026-07-18,instagram,118,93,0,140200.0
2026-07-18,telegram,106,74,0,96100.0
2026-07-18,google,63,49,0,76600.0
2026-07-18,facebook,64,43,0,76900.0
2026-07-18,referral,26,17,0,0.0
2026-07-18,organic,56,38,0,0.0
2026-07-19,instagram,172,99,0,368200.0
2026-07-19,telegram,75,48,0,68000.0
2026-07-19,google,98,64,0,207000.0
2026-07-19,facebook,48,27,0,60400.0
2026-07-19,referral,40,30,1,0.0
2026-07-19,organic,61,36,0,0.0
2026-07-20,instagram,148,100,0,137000.0
2026-07-20,telegram,106,84,1,197000.0
2026-07-20,google,74,40,1,113800.0
2026-07-20,facebook,56,37,0,115900.0
2026-07-20,referral,32,21,1,0.0
2026-07-20,organic,62,39,0,0.0
2026-07-21,instagram,101,61,0,199200.0
2026-07-21,telegram,87,52,1,164500.0
2026-07-21,google,92,55,0,142200.0
2026-07-21,facebook,41,27,0,50200.0
2026-07-21,referral,27,19,0,0.0
2026-07-21,organic,54,32,1,0.0
2026-07-22,instagram,32,25,1,32900.0
2026-07-22,telegram,134,107,3,172200.0
2026-07-22,google,60,34,0,100200.0
2026-07-22,facebook,25,19,1,34400.0
2026-07-22,referral,15,11,0,0.0
2026-07-22,organic,68,51,1,0.0
2026-07-23,instagram,117,92,1,235200.0
2026-07-23,telegram,99,63,0,210300.0
2026-07-23,google,61,41,0,90400.0
2026-07-23,facebook,47,27,0,54100.0
2026-07-23,referral,36,27,1,0.0
2026-07-23,organic,80,54,0,0.0
2026-07-24,instagram,142,102,0,285300.0
2026-07-24,telegram,124,97,0,257800.0
2026-07-24,google,62,49,0,126200.0
2026-07-24,facebook,54,30,0,96700.0
2026-07-24,referral,27,16,0,0.0
2026-07-24,organic,80,54,1,0.0
2026-07-25,instagram,175,99,3,193600.0
2026-07-25,telegram,83,47,0,138700.0
2026-07-25,google,73,57,0,159300.0
2026-07-25,facebook,40,27,0,34300.0
2026-07-25,referral,32,21,0,0.0
2026-07-25,organic,54,30,0,0.0
2026-07-26,instagram,149,103,0,313800.0
2026-07-26,telegram,90,50,0,140000.0
2026-07-26,google,45,34,0,63200.0
2026-07-26,facebook,58,42,0,86500.0
2026-07-26,referral,25,14,0,0.0
2026-07-26,organic,59,33,0,0.0
2026-07-27,instagram,146,89,1,141400.0
2026-07-27,telegram,67,46,0,83200.0
2026-07-27,google,78,55,0,163600.0
2026-07-27,facebook,35,24,1,48300.0
2026-07-27,referral,24,13,2,0.0
2026-07-27,organic,80,61,1,0.0
2026-07-28,instagram,168,93,1,158400.0
2026-07-28,telegram,91,55,2,170000.0
2026-07-28,google,72,52,0,146900.0
2026-07-28,facebook,53,40,0,110500.0
2026-07-28,referral,24,14,1,0.0
2026-07-28,organic,75,47,1,0.0
2026-07-29,instagram,167,114,2,320300.0
2026-07-29,telegram,127,79,1,190500.0
2026-07-29,google,70,45,0,89500.0
2026-07-29,facebook,38,24,1,76100.0
2026-07-29,referral,24,17,1,0.0
2026-07-29,organic,103,59,1,0.0
2026-07-30,instagram,115,82,1,150000.0
2026-07-30,telegram,88,61,1,187800.0
2026-07-30,google,79,54,0,169800.0
2026-07-30,facebook,37,26,0,70600.0
2026-07-30,referral,27,18,0,0.0
2026-07-30,organic,51,29,0,0.0
2026-07-31,instagram,201,149,1,172300.0
2026-07-31,telegram,83,48,1,86800.0
2026-07-31,google,68,37,0,94900.0
2026-07-31,facebook,48,37,0,97700.0
2026-07-31,referral,25,14,0,0.0
2026-07-31,organic,59,32,1,0.0
2026-08-01,instagram,184,126,0,366700.0
2026-08-01,telegram,112,73,0,185300.0
2026-08-01,google,60,42,0,60700.0
2026-08-01,facebook,55,33,0,56900.0
2026-08-01,referral,28,20,2,0.0
2026-08-01,organic,66,52,1,0.0
2026-08-02,instagram,102,80,2,109200.0
2026-08-02,telegram,86,50,0,97400.0
2026-08-02,google,90,63,0,97300.0
2026-08-02,facebook,62,38,0,108500.0
2026-08-02,referral,33,19,0,0.0
2026-08-02,organic,62,45,0,0.0
2026-08-03,instagram,137,83,0,202700.0
2026-08-03,telegram,138,102,1,176200.0
2026-08-03,google,79,53,0,145000.0
2026-08-03,facebook,32,23,0,33000.0
2026-08-03,referral,26,16,1,0.0
2026-08-03,organic,74,49,0,0.0
2026-08-04,instagram,120,83,0,193400.0
2026-08-04,telegram,95,58,1,106100.0
2026-08-04,google,125,78,0,149000.0
2026-08-04,facebook,34,26,0,69000.0
2026-08-04,referral,37,25,0,0.0
2026-08-04,organic,64,47,1,0.0
2026-08-05,instagram,100,67,0,140900.0
2026-08-05,telegram,115,64,0,244900.0
2026-08-05,google,59,34,0,108500.0
2026-08-05,facebook,55,42,0,85800.0
2026-08-05,referral,29,17,0,0.0
2026-08-05,organic,41,29,0,0.0
2026-08-06,instagram,112,83,2,105500.0
2026-08-06,telegram,80,54,1,153800.0
2026-08-06,google,93,61,0,174600.0
2026-08-06,facebook,31,17,0,55600.0
2026-08-06,referral,29,22,1,0.0
2026-08-06,organic,73,43,1,0.0
2026-08-07,instagram,126,92,0,254500.0
2026-08-07,telegram,121,91,0,196300.0
2026-08-07,google,74,58,0,67500.0
2026-08-07,facebook,51,31,0,49500.0
2026-08-07,referral,43,26,1,0.0
2026-08-07,organic,44,25,0,0.0
2026-08-08,instagram,143,85,1,294000.0
2026-08-08,telegram,105,78,2,155400.0
2026-08-08,google,60,43,0,52000.0
2026-08-08,facebook,47,32,0,88900.0
2026-08-08,referral,26,15,1,0.0
2026-08-08,organic,68,45,1,0.0
2026-08-09,instagram,181,123,1,217500.0
2026-08-09,telegram,107,72,1,217800.0
2026-08-09,google,85,66,0,70100.0
2026-08-09,facebook,60,38,0,104200.0
2026-08-09,referral,38,27,0,0.0
2026-08-09,organic,34,20,1,0.0
2026-08-10,instagram,169,117,1,237100.0
2026-08-10,telegram,73,53,0,129800.0
2026-08-10,google,38,21,0,50600.0
2026-08-10,facebook,47,36,0,66200.0
2026-08-10,referral,26,20,0,0.0
2026-08-10,organic,71,39,1,0.0
2026-08-11,instagram,168,104,1,228200.0
2026-08-11,telegram,90,67,0,82900.0
2026-08-11,google,91,69,0,127900.0
2026-08-11,facebook,47,34,0,84500.0
2026-08-11,referral,31,24,0,0.0
2026-08-11,organic,62,34,0,0.0
2026-08-12,instagram,178,104,1,196400.0
2026-08-12,telegram,105,75,0,145900.0
2026-08-12,google,101,61,0,169000.0
2026-08-12,facebook,65,35,0,114700.0
2026-08-12,referral,29,20,1,0.0
2026-08-12,organic,70,50,0,0.0
2026-08-13,instagram,143,81,0,301000.0
2026-08-13,telegram,115,77,0,240600.0
2026-08-13,google,66,50,1,107600.0
2026-08-13,facebook,61,34,0,96300.0
2026-08-13,referral,23,12,0,0.0
2026-08-13,organic,43,31,1,0.0
2026-08-14,instagram,208,152,1,399300.0
2026-08-14,telegram,59,37,0,110900.0
2026-08-14,google,64,38,0,90200.0
2026-08-14,facebook,63,46,0,72200.0
2026-08-14,referral,23,16,1,0.0
2026-08-14,organic,48,31,0,0.0
2026-08-15,instagram,161,88,1,217000.0
2026-08-15,telegram,110,63,0,155300.0
2026-08-15,google,51,38,0,66600.0
2026-08-15,facebook,56,39,0,112000.0
2026-08-15,referral,21,16,1,0.0
2026-08-15,organic,58,36,1,0.0
2026-08-16,instagram,142,91,0,296900.0
2026-08-16,telegram,74,50,0,84800.0
2026-08-16,google,95,60,0,190900.0
2026-08-16,facebook,54,32,0,100200.0
2026-08-16,referral,43,27,0,0.0
2026-08-16,organic,64,45,0,0.0
2026-08-17,instagram,212,157,0,286900.0
2026-08-17,telegram,99,56,1,117200.0
2026-08-17,google,46,29,0,84700.0
2026-08-17,facebook,54,34,0,85600.0
2026-08-17,referral,11,7,0,0.0
2026-08-17,organic,48,35,0,0.0
2026-08-18,instagram,150,111,1,278000.0
2026-08-18,telegram,99,69,2,113500.0
2026-08-18,google,85,49,0,166400.0
2026-08-18,facebook,35,25,0,67400.0
2026-08-18,referral,33,19,1,0.0
2026-08-18,organic,25,15,0,0.0
2026-08-19,instagram,137,109,1,297900.0
2026-08-19,telegram,92,68,0,105800.0
2026-08-19,google,102,74,1,193800.0
2026-08-19,facebook,67,38,0,87000.0
2026-08-19,referral,31,23,1,0.0
2026-08-19,organic,44,28,0,0.0
2026-08-20,instagram,216,118,1,279900.0
2026-08-20,telegram,122,75,0,195000.0
2026-08-20,google,111,64,1,130500.0
2026-08-20,facebook,41,28,0,88900.0
2026-08-20,referral,30,20,0,0.0
2026-08-20,organic,70,47,1,0.0
2026-08-21,instagram,114,68,1,137200.0
2026-08-21,telegram,80,45,0,74000.0
2026-08-21,google,94,68,1,203900.0
2026-08-21,facebook,47,37,1,82700.0
2026-08-21,referral,29,19,2,0.0
2026-08-21,organic,46,34,0,0.0
2026-08-22,instagram,166,128,1,340300.0
2026-08-22,telegram,92,63,0,132400.0
2026-08-22,google,52,37,1,89000.0
2026-08-22,facebook,52,41,0,66000.0
2026-08-22,referral,41,24,1,0.0
2026-08-22,organic,78,51,1,0.0
2026-08-23,instagram,165,90,0,172400.0
2026-08-23,telegram,132,90,0,118000.0
2026-08-23,google,60,42,0,94000.0
2026-08-23,facebook,61,43,0,61000.0
2026-08-23,referral,34,27,2,0.0
2026-08-23,organic,54,31,0,0.0
2026-08-24,instagram,168,122,1,161700.0
2026-08-24,telegram,73,46,0,81700.0
2026-08-24,google,56,32,0,80600.0
2026-08-24,facebook,41,32,0,67500.0
2026-08-24,referral,40,23,1,0.0
2026-08-24,organic,34,24,0,0.0
2026-08-25,instagram,158,108,1,187500.0
2026-08-25,telegram,124,78,0,229600.0
2026-08-25,google,60,33,1,58100.0
2026-08-25,facebook,64,43,0,111700.0
2026-08-25,referral,38,25,1,0.0
2026-08-25,organic,38,30,0,0.0
2026-08-26,instagram,188,121,2,322400.0
2026-08-26,telegram,102,56,1,127100.0
2026-08-26,google,74,57,0,130000.0
2026-08-26,facebook,39,21,0,82000.0
2026-08-26,referral,36,28,0,0.0
2026-08-26,organic,63,35,0,0.0
2026-08-27,instagram,196,109,0,340100.0
2026-08-27,telegram,78,48,0,120700.0
2026-08-27,google,96,56,0,135900.0
2026-08-27,facebook,50,38,0,69300.0
2026-08-27,referral,41,27,0,0.0
2026-08-27,organic,69,51,1,0.0
2026-08-28,instagram,161,91,1,326100.0
2026-08-28,telegram,153,107,1,231500.0
2026-08-28,google,66,44,0,102400.0
2026-08-28,facebook,47,27,0,87800.0
2026-08-28,referral,35,25,1,0.0
2026-08-28,organic,65,43,1,0.0
2026-08-29,instagram,207,143,0,296400.0
2026-08-29,telegram,110,69,0,153100.0
2026-08-29,google,97,66,0,167000.0
2026-08-29,facebook,60,43,0,60700.0
2026-08-29,referral,37,28,2,0.0
2026-08-29,organic,50,33,0,0.0
2026-08-30,instagram,166,123,0,159700.0
2026-08-30,telegram,50,32,0,103100.0
2026-08-30,google,56,38,0,45500.0
2026-08-30,facebook,64,43,0,127600.0
2026-08-30,referral,27,17,0,0.0
2026-08-30,organic,81,57,0,0.0
2026-08-31,instagram,132,74,2,234300.0
2026-08-31,telegram,106,79,2,188900.0
2026-08-31,google,72,53,0,135900.0
2026-08-31,facebook,50,31,0,100800.0
2026-08-31,referral,18,13,0,0.0
2026-08-31,organic,51,38,1,0.0
